
========================================================================================================================
RUNNING 102 REGRESSION QUESTIONS
========================================================================================================================

------------------------------------------------------------------------------------------------------------------------
[1/102] START: What kind of institute is IIT Jodhpur?
[1/102] DONE: 4.29s
Evidence: supported | Coverage: insufficient | Groups: 5
ANSWER:
I'm sorry, I don't know based on the available information.

------------------------------------------------------------------------------------------------------------------------
[2/102] START: What programs are offered at IIT Jodhpur?
[2/102] DONE: 5.72s
Evidence: supported | Coverage: supported | Groups: 5
ANSWER:
IIT Jodhpur offers a diverse range of undergraduate, postgraduate, and doctoral programs across multiple disciplines. Here is a list of programs available: ### **Postgraduate Programs (M.Tech.)** - Bioscience & Bioengineering - Artificial Intelligence - Computer Science & Engineering - Cyber Physical Systems - Communication Systems - Microelectronics and VLSI - Power Systems & Power Electronics - Microwave & Photonic Technologies - Data and Computational Sciences - Thermofluids Engineering - Drone and Anti-Drone Technologies - Advanced Manufacturing Engineering - Engineering Design - Materials Engineering - Composite Materials Technology - Battery Materials & Technology - Chemical Engineering - M.Tech. (Environmental Engineering) - M.Tech. (Energy Infrastructure) - Bridge Engineering - Augmented Reality and Virtual Reality (AR & VR) - Quantum Technologies - M.Tech. (Environmental & Sustainability Engineering) - M.Tech. (Energy Engineering) ### **Dual Degree Programs (M.Tech.-Ph.D.)** - M.Tech.-Ph.D. Dual Degree (Design Engineering) - M.Tech.-Ph.D. Dual Degree (Advanced Manufacturing and Design) - M.Tech.-Ph.D. Dual Degree (Thermofluids Engineering) ### **Doctoral Programs (Ph.D.)** - **Ph.D. in Economics**: A research-intensive four-year program focusing on interdisciplinary and technology-driven approaches to economics research. - **Ph.D. Program at IDRP on IoT & Applications**: Offers interdisciplinary research in areas like AIoT, Industry 4.0, Smart City, Smart Grid, Environment Monitoring, Intelligent Transportation, and more. ### **Undergraduate Programs** - Mathematics (specific details not elaborated in the retrieved context). For more details on program-specific eligibility, facilities, or research areas, refer to the official IIT Jodhpur website.

------------------------------------------------------------------------------------------------------------------------
[3/102] START: Which academic departments are available at IIT Jodhpur?
[3/102] DONE: 3.97s
Evidence: supported | Coverage: partially_supported | Groups: 5
ANSWER:
IIT Jodhpur offers the following academic departments, as listed in the retrieved context: - **Aerospace Engineering** - **Bioscience and Bioengineering** - **Chemical Engineering** - **Civil and Infrastructure Engineering** - **Computer Science and Engineering** - **Electrical Engineering** - **Electronics Engineering** - **Energy and Automotive Engineering & Sustainability Engg.** - **Materials Engineering** - **Mechanical Engineering** - **Economics** - **Chemistry** **Note:** The retrieved information partially supports this list and may not be exhaustive. For the most accurate and updated details, please refer to the official IIT Jodhpur resources.

------------------------------------------------------------------------------------------------------------------------
[4/102] START: Which schools are there at IIT Jodhpur?
[4/102] DONE: 0.49s
Evidence: supported | Coverage: insufficient | Groups: 5
ANSWER:
I'm sorry, I don't know based on the available information.

------------------------------------------------------------------------------------------------------------------------
[5/102] START: What academic programs are available at IIT Jodhpur?
[5/102] DONE: 0.26s
Evidence: insufficient | Coverage: partially_supported | Groups: 5
ANSWER:
I'm sorry, I don't know based on the available information.

------------------------------------------------------------------------------------------------------------------------
[6/102] START: What degrees can students pursue at IIT Jodhpur?
[6/102] DONE: 0.30s
Evidence: insufficient | Coverage: insufficient | Groups: 5
ANSWER:
I'm sorry, I don't know based on the available information.

------------------------------------------------------------------------------------------------------------------------
[7/102] START: What research areas are available at IIT Jodhpur?
[7/102] DONE: 3.25s
Evidence: supported | Coverage: supported | Groups: 5
ANSWER:
IIT Jodhpur offers research areas focused on interdisciplinary and regionally grounded studies, including: - **Arid and desert economies** - **Renewable energy systems** - **Water scarcity** - **Rural–urban transitions** - **Climate adaptation** - **Sustainable development** - **Integration of global economic perspectives with region-specific policy and development challenges** These areas leverage collaborations with academic institutions, industries, and international networks, employing methods like theoretical modeling, AI/big-data analysis, behavioral studies, and policy evaluation frameworks. The program emphasizes addressing local, national, and global economic issues through innovative research.

------------------------------------------------------------------------------------------------------------------------
[8/102] START: What facilities are available for students at IIT Jodhpur?
[8/102] DONE: 4.01s
Evidence: supported | Coverage: supported | Groups: 5
ANSWER:
IIT Jodhpur offers a wide range of facilities to support student life, academic growth, and holistic development. Here’s an overview of the available facilities: ### **Hostel Facilities** - **Accommodation**: - 17 student hostels (5 girls’ and 12 boys’) located on campus. - Rooms are approximately 80 sq ft, furnished with beds, study tables, chairs, and almirahs. - Electricity, water supply, and Wi-Fi/LAN connectivity are provided. - Single- or double-occupancy rooms based on program (UG/PG/PhD) and year of residence. - Air-conditioning and optional bedding available. - **Common Areas**: - Well-ventilated rooms and dedicated common rooms (including TV rooms for recreation). - **Specialized Facilities**: - Short-term accommodation for visitors, interns, and event participants (up to 10 days). ### **Academic & Career Support** - **Training Programs**: Workshops to enhance employability and skill development. - **Placement Guidance**: Assistance with internships and placements. ### **Wellbeing & Amenities** - **Counseling Services**: Support for mental health and personal development. - **Mess/Dining Facilities**: On-campus dining options. ### **Research & Technology** - **AIOT Fab Facility**: Specialized labs for Artificial Intelligence of Things (AIOT) research and development. - **Prototyping Labs**: Advanced equipment for hardware development, 3D printing, and electronics testing. These facilities aim to create a safe, inclusive, and academically enriching environment for students.

------------------------------------------------------------------------------------------------------------------------
[9/102] START: What hostel facilities are available for students?
[9/102] DONE: 3.04s
Evidence: supported | Coverage: supported | Groups: 5
ANSWER:
The hostel facilities available for students at IIT Jodhpur include: - **Accommodation**: - Single- or double-occupancy rooms, depending on the academic program and year of residence. - Rooms are approximately 80 sq ft and furnished with essential furniture (bed, study table, chair, almirah). - Air-conditioning is provided. - Optional bedding (available for short-term bookings). - **Basic Utilities**: - Electricity and water supply. - **Connectivity**: - Wi-Fi and LAN access for academic and personal use. - **Common Areas**: - Dedicated common rooms, including TV rooms for recreation. - **Safety and Environment**: - Well-ventilated rooms and a safe, inclusive environment designed to support academic and holistic development. These facilities are managed through an online ERP-based system for booking and allotment.

------------------------------------------------------------------------------------------------------------------------
[10/102] START: What accommodation options are available in the hostel?
[10/102] DONE: 4.45s
Evidence: supported | Coverage: supported | Groups: 5
ANSWER:
The hostel at IIT Jodhpur offers the following accommodation options and facilities: ### **Room Types and Facilities** 1. **Single Occupancy**: - Available for short-term stays (e.g., visitors, interns) and long-term bookings. - Charges: ₹500/- per day (excluding GST) for single occupancy (subject to availability). - Includes bedding sets (₹600/- per day, excluding GST). 2. **Double Occupancy**: - Standard for most students (including ITEP students). - Charges: ₹300/- per day (excluding GST) for double occupancy. - Includes bedding sets (₹400/- per day, excluding GST). - Rooms are **furnished** and **air-conditioned**. 3. **Long-Term Stays**: - For stays exceeding 11 days but less than a month: ₹2,175/- per day (excluding GST). - For stays exceeding a month: ₹2,175/- per month (excluding GST). ### **Special Categories** - **Short-Term Stays**: Available for visitors, interns, event participants, and approved invitees (maximum 10 days). - **ITEP Students**: Double-sharing AC rooms are provided. ### **Additional Facilities** - **Mess/Dining**: Separate vegetarian and non-vegetarian mess facilities are available on campus. Meal charges are paid directly to vendors. - **Other Amenities**: Common rooms, laundry, gym, and Wi-Fi are provided. ### **Notes** - Hostel charges are included in the semester fee (₹32,250/-), but a separate **mess advance** is required per semester. - PhD students may avail hostel accommodation post-thesis submission without paying semester fees. For specific pricing or booking, refer to the hostel ERP system or contact the Office of Students (Hostel Affairs).

------------------------------------------------------------------------------------------------------------------------
[11/102] START: What centres are involved in academic or research programs?
[11/102] DONE: 2.66s
Evidence: supported | Coverage: supported | Groups: 5
ANSWER:
The retrieved context does not explicitly mention specific "centres" involved in academic or research programs at IIT Jodhpur. However, it highlights the following key points about research collaborations and structures: 1. **Interdisciplinary Research Groups**: PhD scholars work closely with faculty members and interdisciplinary research groups across the institute. 2. **Collaborations**: The PhD program emphasizes partnerships with academic institutions, think tanks, industries, government agencies, and international research networks. 3. **Departmental Focus**: The Economics department’s research integrates global economic perspectives with region-specific challenges (e.g., arid economies, renewable systems, climate adaptation). If you are referring to specific research centers or institutes (e.g., named labs or departments), the provided context does not include their names. For precise details, please consult the official IIT Jodhpur website or contact the Economics department directly.

------------------------------------------------------------------------------------------------------------------------
[12/102] START: What are the main academic areas covered by the institute?
[12/102] DONE: 0.32s
Evidence: supported | Coverage: insufficient | Groups: 5
ANSWER:
I'm sorry, I don't know based on the available information.

------------------------------------------------------------------------------------------------------------------------
[13/102] START: Which B.Tech programs are available at IIT Jodhpur?
[13/102] DONE: 3.25s
Evidence: supported | Coverage: supported | Groups: 5
ANSWER:
IIT Jodhpur offers the following **B.Tech programs**: 1. **Bioscience and Bioengineering** 2. **Chemical Engineering** 3. **Civil and Infrastructure Engineering** 4. **Computer Science and Engineering** 5. **Electrical Engineering** 6. **Mechanical Engineering** 7. **Materials Engineering** 8. **AI and Data Science** 9. **Electronics Engineering** 10. **Aerospace Engineering** 11. **Double B.Tech. in Chemical Engineering and Engineering Science** For detailed curriculum or program structure, visit the respective program pages linked in the retrieved context.

------------------------------------------------------------------------------------------------------------------------
[14/102] START: Which M.Tech specializations are offered?
[14/102] DONE: 3.74s
Evidence: supported | Coverage: partially_supported | Groups: 5
ANSWER:
IIT Jodhpur offers the following **M.Tech specializations** based on the available information: 1. **Power Systems & Power Electronics** 2. **Microwave & Photonic Technologies** 3. **Advanced Manufacturing Engineering** 4. **Engineering Design** 5. **Composite Materials Technology** 6. **Battery Materials & Technology** 7. **Environmental & Sustainability Engineering** 8. **Energy Engineering** 9. **Executive M.Tech. in Intelligent VLSI Systems (IVS)** (July 2025 session) 10. **Quantum Technologies** (Inter-Disciplinary Research Platform) **Note**: The list is partially supported by the retrieved context. Some details, such as eligibility criteria or program-specific rules, may require further verification from official sources. For the most accurate and updated information, please refer to the official IIT Jodhpur admission pages.

------------------------------------------------------------------------------------------------------------------------
[15/102] START: What M.Sc. programs are available?
[15/102] DONE: 3.57s
Evidence: supported | Coverage: supported | Groups: 5
ANSWER:
IIT Jodhpur offers the following **M.Sc. programs**: 1. **M.Sc. (Mathematics)** - Designed to nurture students in frontier areas of mathematics and develop a workforce for industry and academia. 2. **M.Sc. (Digital Humanities)** - Focuses on interdisciplinary studies combining humanities with digital tools and methodologies. 3. **M.Sc. (Computational Social Science)** - Integrates social sciences with computational techniques for data-driven analysis. 4. **M.Sc.-M.Tech. (Mathematics & Data Science)** - A dual-degree program combining advanced mathematics with data science, leading to both M.Sc. and M.Tech. degrees. These programs are detailed on the [IIT Jodhpur admissions page](https://www.iitj.ac.in/admission-postgraduate-programs/en/Admission-to-Postgraduate-Programs).

------------------------------------------------------------------------------------------------------------------------
[16/102] START: Does IIT Jodhpur offer an M.S. by Research program?
[16/102] DONE: 2.16s
Evidence: supported | Coverage: supported | Groups: 5
ANSWER:
Yes, IIT Jodhpur offers an **M.S. by Research** program. The program emphasizes collaborative interdisciplinary projects, practice-based outputs (including new art forms and entrepreneurial ventures), and flexible coursework tailored to student interests. Key details include: - **Eligibility**: Bachelor's (B.Tech. or equivalent, 4 years) or Master's (M.A./M.Sc., 5 years) with a strong academic record. - **Duration**: Full-time (2–4 years) or part-time (3–5 years). - **Coursework**: 24 credits. The program also focuses on inclusivity and livelihood generation for disenfranchised artisans.

------------------------------------------------------------------------------------------------------------------------
[17/102] START: What kinds of Ph.D. programs are available?
[17/102] DONE: 5.40s
Evidence: supported | Coverage: supported | Groups: 5
ANSWER:
IIT Jodhpur offers the following Ph.D. program types: 1. **Regular Ph.D. Program** - Admission requires a master’s degree in engineering, pharmacy, agricultural science, science, humanities, social sciences, or management (or equivalent) with a minimum of **60% marks** (or **6.0/10 CPI/C GPA**) for GEN/GEN-EWS/OBC categories, and **55%** for SC/ST. - Candidates must not be employed full-time or part-time by any organization. 2. **Upgraded Ph.D. from M.S. by Research** - Students enrolled in the **M.S. by Research** program can transition to a Ph.D. if they achieve a **CGPA >7.5** and meet progress requirements after **3 semesters**. - This requires continuing the same research work and fulfilling all regular Ph.D. requirements. **Key Program Requirements**: - All Ph.D. students must pass a **comprehensive examination** (written tests, with two attempts). - Credit requirements vary: **12–24 credits** for coursework and **48 credits** for thesis work, depending on prior qualifications. **Note**: The evidence contains conflicting details about eligibility criteria (e.g., bachelor’s vs. master’s degrees). The above answer reflects the **Ph.D.-specific requirements** from and the upgrade pathway from M.S. by Research.

------------------------------------------------------------------------------------------------------------------------
[18/102] START: Which departments offer undergraduate academic programs?
[18/102] DONE: 4.62s
Evidence: supported | Coverage: supported | Groups: 5
ANSWER:
The departments at IIT Jodhpur that offer undergraduate academic programs include: 1. **Department of Physics** - Offers a **4-year B.S. in Engineering Physics** (interdisciplinary program integrating physics with engineering and emerging technologies). 2. 3. **Aerospace Engineering** - Offers a **Bachelor of Technology (B.Tech.) program** (). 4. **Materials Engineering** - Offers a **B.Tech. program** (). 5. **Mechanical Engineering** - Offers a **B.Tech. program** (). 6. **Engineering Chemistry** - Mentioned as a program with specialization, though the exact undergraduate designation (e.g., B.Tech.) is implied in . 7. **Physics with Specialization** - A specialized undergraduate track under the Department of Physics (). For more details on specific programs or curricula, refer to the official IIT Jodhpur academic regulations or departmental websites.

------------------------------------------------------------------------------------------------------------------------
[19/102] START: Which schools offer academic programs?
[19/102] DONE: 4.29s
Evidence: supported | Coverage: supported | Groups: 5
ANSWER:
The schools and departments at IIT Jodhpur that offer academic programs include: 1. **School of Artificial Intelligence & Data Science (SAIDE/AIDE)** - Offers PhD, M.S. (by Research), MTech, and Minor Programs in AI and Data Science. - Hosts the Centre of Excellence on Brain Science and Applications (CBSA). 2. **School of Design (SOD)** - Provides degree programs in design disciplines. 3. **School of Liberal Arts (SOLA)** - Offers programs focused on liberal arts and interdisciplinary studies. 4. **School of Management & Entrepreneurship (SME)** - Provides management and entrepreneurship-related academic programs. 5. **Other Key Departments/Schools** - **Aerospace Engineering** - **Bioscience and Bioengineering** - **Center for Education Technology (CET)** - **Center for Mathematical and Computational Economics (CMCE)** - **Chemical Engineering** - **Chemistry** - **Civil and Infrastructure Engineering** - **Computer Science and Engineering** - **Economics** - **Electrical Engineering** - **Electronics Engineering** - **Energy and Automotive Engineering** - **Environment & Sustainability Engg. (DESE)** - **Materials Engineering** - **Mathematics** - **Mechanical Engineering** - **Physics** These programs are available in various modes (full-time, part-time, online) and cater to undergraduate, postgraduate, and research-level education.

------------------------------------------------------------------------------------------------------------------------
[20/102] START: What programs are available through the School of Artificial Intelligence and Data Science?
[20/102] DONE: 4.59s
Evidence: supported | Coverage: supported | Groups: 5
ANSWER:
The School of Artificial Intelligence and Data Science (AIDE) at IIT Jodhpur offers the following programs: 1. **B.Tech in Artificial Intelligence and Data Science** - A foundational program providing theoretical knowledge, practical skills, and hands-on experience through coursework, projects, and experiential learning. 2. **Master of Technology (MTech) in Artificial Intelligence and Data Science** - An advanced curriculum designed for leadership roles in AI and data science, focusing on cutting-edge technologies and applications. 3. **M.S. (by Research) Program** - Offered by the Centre of Excellence on Brain Science and Applications (CBSA), this program emphasizes research-oriented learning in AI and data science. 4. **PhD Program in Artificial Intelligence and Data Science** - Hosted by AIDE, the PhD program focuses on advanced research in AI and data science, with opportunities for industry collaboration and faculty mentorship. 5. **Minor Programs in AI and Data Science** - Designed for B.Tech students to gain foundational knowledge in AI and DS concepts, combining theoretical and practical training. 6. **Executive Programs** - Tailored for working professionals, these programs provide specialized training in AI and DS to meet industry needs. 7. **Internship Programs** - Offer practical experience through industry-sponsored projects, research initiatives, and collaborations with faculty and industry partners. 8. **Diploma and Certificate Programs (Online/Part-Time)** - Specialized programs for learners with diverse career paths, including cross-disciplinary training and add-on certifications for students in other disciplines. For more details, refer to the official program pages linked in the retrieved context.

------------------------------------------------------------------------------------------------------------------------
[21/102] START: What programs are offered by the School of Management and Entrepreneurship?
[21/102] DONE: 4.23s
Evidence: supported | Coverage: supported | Groups: 5
ANSWER:
The School of Management and Entrepreneurship at IIT Jodhpur offers the following programs: 1. **Minor Programs** - Undergraduate students can pursue minor programs in Management and Entrepreneurship to complement their major degrees. These programs are designed to provide foundational knowledge in management and technology, with coursework, projects, and experiential learning opportunities. 2. **Bachelor of Science (BS) in Management & Technology** - A future-ready undergraduate degree spanning 141 credits across 8 semesters. The curriculum builds from foundational courses in management, technology, and social sciences to specialized learning in the final year. It is stackable with exit options at the end of each academic year. - More details: [BS in Management & Technology](https://onlinedegree.iitj.ac.in/program/iit-jodhpur/bs-management-technology) These programs emphasize interdisciplinary education, integrating technology and management to prepare students for leadership roles in business and innovation.

------------------------------------------------------------------------------------------------------------------------
[22/102] START: What undergraduate programs are available in engineering?
[22/102] DONE: 4.84s
Evidence: supported | Coverage: partially_supported | Groups: 5
ANSWER:
IIT Jodhpur offers the following undergraduate engineering programs: - **Electrical Engineering** - **Mechanical Engineering** - **Chemical Engineering** - **Materials Engineering** - **Civil and Infrastructure Engineering** - **Computer Science & Engineering** (includes AI and Data Science specialization) - **Bioscience & Bioengineering** These programs are detailed on their respective official pages, with curriculum and course structures available for reference. For specific details, visit the provided links in the retrieved context.

------------------------------------------------------------------------------------------------------------------------
[23/102] START: What postgraduate programs are available?
[23/102] DONE: 0.34s
Evidence: insufficient | Coverage: insufficient | Groups: 5
ANSWER:
I'm sorry, I don't know based on the available information.

------------------------------------------------------------------------------------------------------------------------
[24/102] START: Are research-oriented degree programs available?
[24/102] DONE: 3.42s
Evidence: supported | Coverage: supported | Groups: 5
ANSWER:
Yes, IIT Jodhpur offers several research-oriented degree programs, including: 1. **M.S. by Research** - **Duration**: Full-time (2–4 years), Part-time (3–5 years). - **Credit Requirements**: 24 credits through coursework and 36 credits through research. - **Focus**: Interdisciplinary research, flexible coursework, and practice-based outputs. - **Upgrade to Ph.D.**: Eligible after 3 semesters with a CGPA >7.5 and meeting Ph.D. requirements. 2. **Ph.D. Programs** - **Credit Requirements**: 12–24 credits through coursework and 48 credits through thesis work (varies by prior qualifications). - **Comprehensive Exam**: Tests general and specific knowledge in the research field (two attempts allowed). - **Research Areas**: Includes cellular neuroscience, bioenergy systems, nanomedicine, computational sciences, and more (as per interdisciplinary thrust areas). 3. **Other Research-Linked Programs** - **M.Tech. in AR & VR**: Focuses on Augmented Reality and Virtual Reality applications. - **B.S. in Mathematics and Computing**: Combines mathematics with science/engineering. - **M.Sc. and M.Tech. in Data and Computational Sciences**: Emphasizes computational and analytical research. - **Ph.D. in Mathematics**: For advanced study in pure/applied mathematics and computing. These programs emphasize hands-on laboratory training, interdisciplinary collaboration, and innovation in research.

------------------------------------------------------------------------------------------------------------------------
[25/102] START: What are the eligibility requirements for regular Ph.D. admission?
[25/102] DONE: 6.08s
Evidence: supported | Coverage: supported | Groups: 5
ANSWER:
The eligibility requirements for regular Ph.D. admission at IIT Jodhpur, as per the retrieved context, are as follows: ### **Academic Qualifications** 1. **Master’s Degree**: - Candidates must hold a master’s degree in **engineering, pharmacy, agricultural science, science, humanities, social sciences, or management** with **at least 60% marks** (or **6.0/10 CPI/C GPA**) for **GEN/GEN-EWS/OBC** categories. - For **SC/ST** candidates, the qualifying marks are **55%** (or **5.5/10 CPI/C GPA**). - **Professional qualifications** such as **MBBS with MD/MS**, **BVSc with MVSc**, **BDS with MDS**, etc., are also acceptable. 2. **Bachelor’s Degree**: - A conflicting requirement in the context mentions a **bachelor’s degree** in engineering/science/medicine/pharmacy/agricultural science with **70% marks** (or **7.0/10 CPI/C GPA**) for **GEN/OBC** (65% for **SC/ST**). However, this appears to apply to **other admission categories** (e.g., Executive/Part-Time Ph.D. programs), not the regular Ph.D. program. ### **Employment and Registration Restrictions** - Candidates admitted in the **Regular Mode** must **not** be: - Registered students in **any other academic program** (India or abroad). - Full-time or part-time employees of any organization (India or abroad). ### **Special Considerations** - **SC/ST/PD Relaxation**: The qualifying marks for SC/ST/PD candidates are as per **Ministry of Education rules**. - **GATE Exemption**: Certain candidates (e.g., UGC-NET qualifiers or those with a 2-year+ full-time postgraduate degree from an Institute of National Importance) may be exempted from GATE, but this pertains to **financial assistance eligibility**, not direct admission criteria. ### **Conflict Note** There is a **conflicting reference** to bachelor’s vs. master’s degree requirements. The **regular Ph.D. program explicitly requires a master’s degree** (), while the bachelor’s degree criteria likely apply to **other admission categories** (e.g., Executive/Part-Time Ph.D.). The answer reflects the **regular Ph.D. requirements** as per the supported evidence.

------------------------------------------------------------------------------------------------------------------------
[26/102] START: What are the requirements for part-time Ph.D. admission?
[26/102] DONE: 3.46s
Evidence: supported | Coverage: supported | Groups: 5
ANSWER:
The retrieved context does not explicitly specify the requirements for part-time Ph.D. admission at IIT Jodhpur. However, the following points are noted: 1. **General Ph.D. Admission Requirements (Regular Mode)**: - Applicants must hold a master’s degree in engineering, pharmacy, agricultural science, science, humanities, social sciences, management, or equivalent (with a minimum of 60% marks or 6.0/10 CPI/C GPA for GEN/GEN-EWS/OBC, 55% for SC/ST). - Candidates must not be registered in any other academic program or employed full-time/part-time by an organization. 2. **Part-Time Ph.D. Context**: - mentions that part-time Ph.D. students are "working professionals" who attend the program with "limited credits," but it does not specify eligibility criteria (e.g., percentage, CGPA, or work experience requirements). **Conflict/Clarification**: The retrieved evidence does not provide explicit requirements for part-time Ph.D. admission. The regular Ph.D. criteria () may not directly apply to part-time modes, as no specific rules are outlined for part-time candidates. For precise details, please refer to the official IIT Jodhpur Ph.D. admission guidelines or contact the institute directly. **Note**: The answer reflects only the supported information from the retrieved context.

------------------------------------------------------------------------------------------------------------------------
[27/102] START: Is a master's degree mandatory for every regular Ph.D. route?
[27/102] DONE: 3.11s
Evidence: supported | Coverage: partially_supported | Groups: 5
ANSWER:
The retrieved context indicates that for the **regular Ph.D. program** at IIT Jodhpur, a **master's degree is mandatory**. Specifically: - states: "The applicant must have a master’s degree in engineering, pharmacy, agricultural science, science, humanities, social sciences, management..." for regular Ph.D. admission. - It also mentions exceptions for professional degrees (e.g., MBBS with MD/MS, BVSc with MVSc), but these are **specific cases** and not general requirements for all regular Ph.D. routes. Thus, **a master's degree is mandatory for the regular Ph.D. route** as per the provided information.

------------------------------------------------------------------------------------------------------------------------
[28/102] START: What qualifications can be used instead of a conventional master's degree for Ph.D. admission?
[28/102] DONE: 7.39s
Evidence: supported | Coverage: supported | Groups: 5
ANSWER:
The qualifications that can be used instead of a conventional master's degree for Ph.D. admission at IIT Jodhpur depend on the admission category and are outlined as follows: ### **1. Sponsored/External/Part-Time Ph.D. Programs** - **Eligibility**: A **bachelor’s degree** (minimum 4-year duration) in engineering, science, medicine, pharmacy, agricultural science, veterinary science, design, or architecture, with: - **70% marks** (or **7.0/10 CPI/C GPA**) for **GEN/OBC** categories. - **65% marks** (or **6.5/10 CPI/C GPA**) for **SC/ST** categories. - **Additional Requirement**: At least **two years of work experience** (post-qualification) in industry/R&D laboratories/academic institutions. - **Selection Process**: Qualification through a written test and/or interview conducted by IIT Jodhpur. ### **2. Professional Qualifications as Alternatives** - **Accepted Qualifications**: Certain professional degrees are considered equivalent to a master’s degree for Ph.D. admission, including: - **MBBS with MD/MS** - **BVSc with MVSc** - **BDS with MDS** - **BPTh with MPTh** - **BOTh with MOTh** - **Requirements**: These qualifications must meet the **minimum percentage criteria** (e.g., 60% for GEN/OBC, 55% for SC/ST) as specified in the admission rules. ### **Conflict in Evidence** - **** explicitly states that professional qualifications (e.g., MBBS with MD) are accepted as alternatives to a master’s degree. - **** and **** emphasize bachelor’s degrees with high marks and work experience for sponsored/external/part-time categories. - **** and **** mention master’s degrees as the standard requirement for regular Ph.D. admission. **Note**: The eligibility criteria vary based on the admission category (regular vs. sponsored/external/part-time). For regular Ph.D. admission, a master’s degree is typically required, while alternative qualifications are permitted for specific categories. Always refer to the official admission guidelines for precise details.

------------------------------------------------------------------------------------------------------------------------
[29/102] START: Is GATE required for regular Ph.D. admission?
[29/102] DONE: 5.48s
Evidence: supported | Coverage: supported | Groups: 5
ANSWER:
The retrieved context does not explicitly state that GATE is required for regular Ph.D. admission. However, **** mentions that students may be **exempted from GATE** under MHRD guidelines (e.g., for exceptional cases like UGC-NET qualifiers or those with postgraduate degrees from Institutes of National Importance). There is **no direct evidence** in the provided context that GATE is a mandatory requirement for regular Ph.D. admission. The focus of the retrieved documents is on eligibility criteria (e.g., academic qualifications, percentages, and CGPA) rather than GATE as a mandatory test. Thus, based on the available information: - **GATE is not explicitly required** for regular Ph.D. admission. - However, **exemptions** from GATE may apply to specific categories of candidates. The absence of a clear requirement for GATE in the context means the answer is based on the absence of such a mandate.

------------------------------------------------------------------------------------------------------------------------
[30/102] START: When is GATE exempted for Ph.D. applicants?
[30/102] DONE: 2.09s
Evidence: supported | Coverage: supported | Groups: 5
ANSWER:
GATE exemption for Ph.D. applicants is allowed as per MHRD guidelines, as mentioned in the retrieved documents. However, the specific timing or conditions under which the exemption applies are not detailed in the provided information. For precise details, please refer to the official guidelines or contact the relevant authorities at IIT Jodhpur.

------------------------------------------------------------------------------------------------------------------------
[31/102] START: What are the eligibility requirements for Ph.D. admission through a four-year bachelor's degree?
[31/102] DONE: 6.41s
Evidence: supported | Coverage: supported | Groups: 5
ANSWER:
The eligibility requirements for Ph.D. admission through a **four-year bachelor's degree** at IIT Jodhpur are as follows, based on the retrieved context: ### **Eligibility Criteria** 1. **Qualifying Degree**: - A **bachelor’s degree of minimum four-year duration** in one of the following fields: - Engineering - Science - Medicine (e.g., MBBS with MD/MS) - Pharmacy - Agricultural Science - Veterinary Science - Design - Architecture - Equivalent disciplines (as per the institute’s recognition). 2. **Minimum Marks/CPI**: - **GEN/GEN-EWS/OBC**: At least **70% marks** or **7.0/10 CPI/CGPA**. - **SC/ST/PD**: At least **65% marks** or **6.5/10 CPI/CGPA** (relaxation as per Ministry of Education rules). 3. **Additional Notes**: - Candidates admitted in the **Regular Ph.D. Mode** must **not** be registered in any other academic program or employed full-time/part-time by an organization. - Professional qualifications (e.g., MBBS with MD/MS) are explicitly accepted as valid bachelor’s degrees. ### **Conflict in Evidence** - **** mentions master’s degree requirements for some categories (e.g., MBBS with MD/MS), but these are **not applicable** to the four-year bachelor’s pathway. - **** and **** explicitly outline the bachelor’s degree criteria, which are the **directly supported** requirements for this pathway. For further clarification, contact the **PhD Program Coordinator** (pgcconvener@cete.iitj.ac.in).

------------------------------------------------------------------------------------------------------------------------
[32/102] START: Can someone with a four-year bachelor's degree apply for a regular Ph.D.?
[32/102] DONE: 7.56s
Evidence: supported | Coverage: supported | Groups: 5
ANSWER:
The eligibility for a regular Ph.D. program at IIT Jodhpur requires a **four-year bachelor’s degree** in engineering, science, medicine, pharmacy, agricultural science, veterinary science, or equivalent. However, the retrieved context contains **conflicting claims** regarding additional requirements: 1. **Percentage criteria**: Applicants must have **at least 70% marks** (or 7.0/10 CPI/CGPA for GEN/OBC, 65% for SC/ST). 2. **Written test/interview**: All applicants must qualify through a written test and/or interview conducted by IIT Jodhpur. 3. **Work experience**: Some documents mention a **minimum of two years of work experience** in industry/R&D laboratories/Academic Institutions (), while others do not specify this (). **Conclusion**: A four-year bachelor’s degree is a **basic requirement**, but applicants must also meet percentage thresholds, pass a written test/interview, and (potentially) satisfy work experience criteria. The conflicting mention of work experience requires clarification from official sources.

------------------------------------------------------------------------------------------------------------------------
[33/102] START: What is the minimum CGPA required for regular Ph.D. admission?
[33/102] DONE: 5.29s
Evidence: supported | Coverage: supported | Groups: 5
ANSWER:
The minimum CGPA requirements for regular Ph.D. admission at IIT Jodhpur are specified in **** and are as follows: - **GEN/GEN-EWS/OBC**: A minimum of **6.0/10** CPI or CGPA. - **SC/ST**: A minimum of **5.5/10** CPI or CGPA. These requirements apply to applicants holding a **master’s degree in engineering, pharmacy, agricultural science, science, humanities, social sciences, or management** (or equivalent qualifications like MBBS with MD/MS, BVSc with MVSc, etc.). **Note**: The requirements in **** (M.Tech. Ph.D. Dual Degree Program) and **** (bachelor’s degree-based criteria) pertain to different admission categories and are **not applicable** to the regular Ph.D. program.

------------------------------------------------------------------------------------------------------------------------
[34/102] START: What percentage is required for regular Ph.D. admission?
[34/102] DONE: 4.56s
Evidence: supported | Coverage: supported | Groups: 5
ANSWER:
The percentage requirements for regular Ph.D. admission at IIT Jodhpur depend on the applicant's qualifications and the specific program. Here are the supported details from the retrieved context: 1. **For applicants with a bachelor’s degree (e.g., engineering, science, medicine, etc.):** - **GEN/GEN-EWS/OBC**: Minimum **70% marks** or **7.0/10 CPI/CGPA** (65% for SC/ST). - **SC/ST/PD**: Minimum **65% marks** or **6.0/10 CPI/CGPA** (55% for SC/ST, as per some documents). 2. **For applicants with a master’s degree (e.g., engineering, pharmacy, science, etc.):** - **GEN/GEN-EWS/OBC**: Minimum **60% marks** or **6.0/10 CPI/CGPA** (55% for SC/ST). **Conflict Note**: The retrieved context contains conflicting percentage requirements for different Ph.D. programs. For example: - (Ph.D. Dual Degree Program) specifies **60% for GEN/OBC** (55% for SC/ST) for master’s degree holders. - (Ph.D. Program) specifies **60% for master’s degree holders** (55% for SC/ST) and **70% for bachelor’s degree holders** (65% for SC/ST). These discrepancies reflect varying eligibility criteria for different Ph.D. admission categories. For precise details, refer to the official fee structure and admission guidelines provided by IIT Jodhpur.

------------------------------------------------------------------------------------------------------------------------
[35/102] START: What are the category-wise percentage requirements for Ph.D. admission?
[35/102] DONE: 12.36s
Evidence: supported | Coverage: supported | Groups: 5
ANSWER:
The category-wise percentage requirements for Ph.D. admission at IIT Jodhpur are outlined in conflicting documents, as follows: 1. **Ph.D. Dual Degree Program (Regular)** - **GEN/OBC**: Minimum 60% marks or a CGPA of 6.0 (on a 10-point scale). - **SC/ST**: Minimum 55% marks or a CGPA of 5.5 (on a 10-point scale). - **Proportional requirements**: If the scale differs (e.g., 8-point scale), the equivalent percentages are 4.8 for GEN/OBC and 4.4 for SC/ST. 2. **Ph.D. Program (Regular)** - **GEN/GEN-EWS/OBC**: Minimum 60% marks or a CGPA of 6.0 (on a 10-point scale). - **SC/ST**: Minimum 55% marks or a CGPA of 5.5 (on a 10-point scale). - **PD (Persons with Disabilities)**: Included under SC/ST, with the same 55% marks or 5.5 CGPA requirement. **Conflict Note**: - (Ph.D. Dual Degree) specifies **GEN/OBC** categories, while (Ph.D. Program) includes **GEN-EWS** as an additional category. - Both programs require **60% for GEN/GEN-EWS/OBC** and **55% for SC/ST**, but the inclusion of **GEN-EWS** and **PD** in the Ph.D. Program (Regular) is not explicitly mentioned in the Dual Degree Program criteria. These requirements apply to applicants with a master’s degree in relevant fields (engineering, pharmacy, science, etc.) or equivalent qualifications.

------------------------------------------------------------------------------------------------------------------------
[36/102] START: Are there restrictions on employment or concurrent enrollment for regular Ph.D. students?
[36/102] DONE: 4.59s
Evidence: supported | Coverage: partially_supported | Groups: 5
ANSWER:
Regular Ph.D. students at IIT Jodhpur are subject to specific restrictions: 1. **Employment**: Candidates admitted to the regular Ph.D. program must not be full-time or part-time employees of any organization in India or abroad. This prohibits concurrent employment during enrollment. 2. **Concurrent Enrollment**: They must not be registered as students in any other academic program in India or abroad. These restrictions are explicitly stated in the admission guidelines for the regular Ph.D. category (). There is no conflicting evidence in the retrieved context regarding these rules for regular students. Part-time Ph.D.

------------------------------------------------------------------------------------------------------------------------
[37/102] START: Can a B.Tech graduate get financial assistance for a Ph.D.?
[37/102] DONE: 2.62s
Evidence: supported | Coverage: supported | Groups: 5
ANSWER:
Yes, a B.Tech graduate may be eligible for financial assistance for a Ph.D. at IIT Jodhpur, provided they meet the following criteria: 1. **Qualifying Degree**: The candidate must hold a B.Tech./B.S. 2. **Academic Performance**: The qualifying degree must meet the minimum percentage requirements (e.g., 60% for GEN/GEN-EWS/OBC categories). 3. **Admission Mode**: The candidate must be admitted to the Ph.D. program in **Regular Mode** (as per ). 4. **Additional Eligibility**: Exceptional candidates with a valid UGC-NET qualification or a full-time postgraduate degree from an Institute of National Importance (INI) may also be considered for financial assistance (). **Note**: Eligibility for financial assistance does not guarantee approval, as per institutional norms.

------------------------------------------------------------------------------------------------------------------------
[38/102] START: What are the admission routes for regular Ph.D. candidates?
[38/102] DONE: 7.28s
Evidence: supported | Coverage: supported | Groups: 5
ANSWER:
The admission routes for regular Ph.D. candidates at IIT Jodhpur are governed by specific eligibility criteria and restrictions, as outlined in the retrieved documents. Here is the supported information: ### **Admission Route for Regular Ph.D. Candidates** 1. **Eligibility Criteria**: - Candidates must hold a **master’s degree** in engineering, pharmacy, agricultural science, science, humanities, social sciences, or management. - **Minimum marks**: - **GEN/GEN-EWS/OBC**: 60% marks or 6.0/10 CPI/CGPA (55% for SC/ST). - **MBBS with MD/MS, BVSc with MVSc, etc.**: 60% marks or 6.0/10 CPI/CGPA (55% for SC/ST). - **Alternative qualification**: A **bachelor’s degree of minimum four-year duration** in engineering, science, medicine, pharmacy, agricultural science, veterinary science, design, or architecture (with 70% marks or 7.0/10 CPI/CGPA for GEN/GEN-EWS/OBC; 65% for SC/ST/PD). 2. **Restrictions**: - Candidates admitted in the **regular Ph.D. category** must **not** be: - A **registered student** in any other academic program (in India or abroad). - A **full-time or part-time employee** of any organization (in India or abroad). 3. **Special Notes**: - **Relaxation for SC/ST/PD candidates**: Follows Ministry of Education rules (e.g., reduced percentage requirements). - **GATE Exemption**: Some candidates may be exempt from GATE based on MHRD guidelines (e.g., UGC-NET qualifiers or those with a two-year full-time postgraduate degree from an Institute of National Importance). ### **Conflict in Evidence** - **** and **** both emphasize that regular Ph.D. candidates must not be enrolled in other programs or employed. However, **** mentions bachelor’s degree requirements, which may pertain to other programs (e.g., B.Tech). This discrepancy highlights that the **regular Ph.D. route** is distinct from undergraduate or other postgraduate programs, and the eligibility criteria are specific to the Ph.D. category. For further details, refer to the [Ph.D. Admission Guidelines](https://www.iitj.ac.in/office-of-academics/en/academic-regulations#top20.2.6%20Admission%20to%20Ph.D.%20Program%20(Regular)).

------------------------------------------------------------------------------------------------------------------------
[39/102] START: What are the eligibility requirements for regular M.Tech. admission?
[39/102] DONE: 10.98s
Evidence: supported | Coverage: supported | Groups: 5
ANSWER:
The eligibility requirements for regular M.Tech. admission at IIT Jodhpur are as follows: 1. **Academic Qualifications**: - A **bachelor’s degree in engineering or science** (4-year program) or a **master’s degree in science, MCA, Pharmacy, Medical Sciences, Agricultural Sciences, and Veterinary Sciences** or related fields. - Minimum **60% marks** (55% for SC/ST) in aggregate or a **CGPA of 6.0** (5.5 for SC/ST) on a 10-point scale. Equivalent proportional requirements apply for other scales (e.g., 4.8 for GEN/OBC, 4.4 for SC/ST on an 8-point scale). 2. **Entrance Examination**: - A **valid GATE score** or exemption as per MHRD guidelines. - Alternatively, qualification in an **equivalent national examination** or a **written test/interview conducted by IIT Jodhpur**. These criteria apply to the regular M.Tech. program. For dual-degree programs (e.g., M.Sc.-M.Tech.), additional pathways like JAM or IIT Jodhpur’s own tests may apply, but the user’s question specifically pertains to regular admission.

------------------------------------------------------------------------------------------------------------------------
[40/102] START: What qualifications are required for M.Tech. admission?
[40/102] DONE: 4.03s
Evidence: supported | Coverage: supported | Groups: 5
ANSWER:
For admission to the M.Tech program at IIT Jodhpur, the qualifications required are as follows: 1. **Educational Eligibility**: - A **bachelor’s degree in engineering or science** (4-year program) or a **master’s degree in science, MCA, Pharmacy, Medical Sciences, Agricultural Sciences, Veterinary Sciences**, or a related field. 2. **Academic Performance**: - A minimum of **60% marks** (or **55% for SC/ST** categories) in aggregate in the qualifying degree, or a **CGPA of 6.0** (or **5.5 for SC/ST** categories) on a 10-point scale. - For other grading scales (e.g., 8-point scale), proportional requirements apply (e.g., **4.8 for GEN/OBC** or **4.4 for SC/ST**). - A **first-class** qualification as specified by the university/institute is also acceptable. 3. **Admission Routes**: - **GATE Score**: A valid GATE score (or exemption as per MHRD guidelines). - **Equivalent National Examination**: Qualification in an equivalent national-level exam. - **IIT Jodhpur’s Written Test/Interview**: Candidates may qualify through a written test and/or interview conducted by the institute. These criteria apply to regular admissions. For executive/part-time/external/sponsored programs, additional requirements (e.g., work experience) may apply, as specified in the regulations.

------------------------------------------------------------------------------------------------------------------------
[41/102] START: What is the minimum percentage required for M.Tech. admission?
[41/102] DONE: 2.16s
Evidence: supported | Coverage: supported | Groups: 5
ANSWER:
The minimum percentage required for M.Tech admission at IIT Jodhpur varies by category: - **GEN/OBC**: A minimum of **60% marks** in aggregate. - **SC/ST**: A minimum of **55% marks** in aggregate. These requirements apply to applicants with a bachelor’s degree in engineering or science (4-year program) or a master’s degree in a relevant field. For candidates with CGPA-based criteria, the thresholds are **CGPA of 6.0 for GEN/OBC** and **5.5 for SC/ST** on a 10-point scale.

------------------------------------------------------------------------------------------------------------------------
[42/102] START: What is the minimum CGPA required for M.Tech. admission?
[42/102] DONE: 3.51s
Evidence: supported | Coverage: supported | Groups: 5
ANSWER:
The minimum CGPA required for M.Tech. admission at IIT Jodhpur is **6.0 for GEN/OBC** and **5.5 for SC/ST** on a scale of 10. These requirements are applicable for applicants with a bachelor’s degree in engineering or science (4-year program) or a master’s degree in a relevant field. Additionally, applicants must meet percentage-based criteria: **60% marks for GEN/OBC** (55% for SC/ST) in aggregate or as specified by the university/institute. The CGPA and percentage requirements are equivalent based on the scale (e.g., 4.8 for GEN/OBC and 4.4 for SC/ST on an 8-scale). These criteria apply to regular admission routes, including the M.Tech. program and dual-degree programs. For executive/part-time/sponsored categories, the CGPA requirements align with the same thresholds.

------------------------------------------------------------------------------------------------------------------------
[43/102] START: What are the eligibility requirements for M.Sc. admission?
[43/102] DONE: 2.81s
Evidence: supported | Coverage: supported | Groups: 5
ANSWER:
The eligibility requirements for M.Sc. admission at IIT Jodhpur are as follows: 1. **Entrance Exam**: - Qualify in the **Joint Admission Test for Master's (JAM)** organized by IITs. - Or, qualify in a **written test and/or interview** conducted by IIT Jodhpur. 2. **Academic Qualification**: - Hold a **bachelor’s degree in any relevant discipline** (3- or 4-year program). 3. **Additional Criteria**: - Applicants may need a **valid GATE score** or be **exempted from GATE** as per MHRD guidelines. - Alternatively, qualify in an **equivalent national examination**. These criteria apply to general admissions. For specific programs (e.g., M.Sc. in Digital Humanities or Computational Social Science), additional requirements may apply, but the retrieved context does not specify them.

------------------------------------------------------------------------------------------------------------------------
[44/102] START: What qualifications are required for undergraduate admission?
[44/102] DONE: 7.82s
Evidence: supported | Coverage: supported | Groups: 5
ANSWER:
The qualifications required for undergraduate admission to IIT Jodhpur include the following, based on the evidence provided: ### **Admission Requirements** 1. **Eligibility Criteria**: - **General/OBC/EWS Categories**: A minimum of **60% marks in aggregate** (equivalent to first class in the university conversion rule) in the qualifying examination. - **SC/ST/PwD Candidates**: A **5% relaxation** on the 60% aggregate requirement (i.e., 55% marks) for qualifying degrees. Additionally, a **0.5 relaxation on the 10-point CGPA scale** (equivalent to 6.5 CGPA) is allowed. - **Relaxation**: The above criteria are subject to further relaxation as per Ministry of Education rules for SC/ST/PwD candidates. 2. **Entrance Exams**: - **B.Tech Programs**: Admission is through the **Joint Entrance Examination (JEE)** conducted by IITs (as per ). - **MBA Program**: Requires a valid score in the **Common Admission Test (CAT) 2025** ( and 6). 3. **Document Submission**: - Applicants must submit **copies of mark sheets, provisional certificates, and other academic documents** by the last date specified in the Academic Calendar. Failure to submit these documents may result in **cancellation of admission** (). 4. **Additional Notes**: - **Provisional Admission**: Candidates may be admitted provisionally if they meet the qualifying criteria but must submit final documents within two months of joining (). - **Fee Structure**: Non-refundable application fees apply (INR 1,200 for Unreserved/OBC/EWS, INR 600 for SC/ST/PwD) (). ### **Conflict Note** There is a conflict in the evidence regarding **entrance exams**: - **** specifies **JEE** for B.Tech admissions. - **** mentions **CAT 2025** for admission eligibility (likely for MBA or other programs). This indicates that **different programs have distinct entrance exams**, and the specific requirement depends on the program applied for. For B.Tech, **JEE** is the required exam, while other programs (e.g., MBA) may require **CAT**. Always verify the program-specific criteria on the official portal.

------------------------------------------------------------------------------------------------------------------------
[45/102] START: How are B.Tech admissions conducted?
[45/102] DONE: 3.39s
Evidence: supported | Coverage: supported | Groups: 5
ANSWER:
B.Tech admissions at IIT Jodhpur are conducted annually in July through the **Joint Entrance Examination (JEE)** organized by the IITs. The process and specific requirements are detailed in the **JEE Information Brochure**, which is published yearly. Additionally, admissions are available for foreign nationals under the **Cultural Exchange Fellowship Program** of the Government of India, administered by the Indian Council of Cultural Relations (ICCR). Applicants for these programs must apply through the Indian High Commission/Embassy in their respective countries. For further details on eligibility, procedures, and fees, candidates are advised to refer to the JEE Information Brochure and the official IIT Jodhpur academic regulations.

------------------------------------------------------------------------------------------------------------------------
[46/102] START: Is JEE used for B.Tech admission?
[46/102] DONE: 1.90s
Evidence: supported | Coverage: supported | Groups: 5
ANSWER:
Yes, admissions to the B.Tech. programmes at IIT Jodhpur are conducted once a year in July through the **Joint Entrance Examination (JEE)**, which is organized by the IITs. The procedures and specific requirements for admission are detailed in the **JEE Information Brochure** released annually.

------------------------------------------------------------------------------------------------------------------------
[47/102] START: What is the admission process for postgraduate programs?
[47/102] DONE: 4.67s
Evidence: supported | Coverage: partially_supported | Groups: 5
ANSWER:
The admission process for postgraduate (PG) programs at IIT Jodhpur involves several key steps and categories, as outlined in the available information: ### **General Categories of Admission** Candidates can apply under the following categories (applicability varies by program): - Full-time regular - Full-time sponsored - Part-time - External - Executive Programs may also combine modes (e.g., fully sponsored part-time). ### **Admission Process** 1. **Initial Shortlisting**: - Based on a composite score calculated from parameters like CAT Overall Scaled Score and Work Experience (Full Time). - Relaxations for reserved categories (SC/ST/PD) are applied as per Ministry of Education norms. 2. **Final Shortlisting**: - Candidates shortlisted based on the composite score are called for a **Personal Interview (virtual mode)**. - The final shortlist is determined using weighted criteria, though specific weights are not detailed in the retrieved context. 3. **Document Submission**: - Provisionally admitted students must submit copies of mark sheets, provisional certificates, and other required documents by the deadline specified in the Academic Calendar. - Failure to submit documents or provide false information may result in cancellation of admission. ### **Special Cases** - **M.Sc. Programs**: Admissions occur via: - **Joint Admission Test for Master’s (JAM)** organized by IITs. - **Institute-conducted written tests/interviews** for candidates with a relevant bachelor’s degree. - **Special Schemes**: Admissions under schemes like Quality Improvement Programme (QIP) or for Defence Personnel follow approved procedures by the Senate. ### **Eligibility Notes** - Minimum eligibility criteria are specified, but CETE (Center for Excellence in Teaching and Education) may impose higher standards if applications exceed available seats. - SC/ST/PD candidates receive relaxations in qualifying degree marks as per Ministry rules. ### **Additional Information** - Applicants shortlisted must bring their signed application form and educational testimonials at the time of admission. - For queries, contact the Office of Automation (oaautomation@iitj.ac.in) or the PhD Program Coordinator (pgcconvener@cete.iitj.ac.in). **Note**: The details provided are partially supported by the retrieved context. Specifics may vary depending on the program or category, and some criteria (e.g., exact weights for final shortlisting) are not fully detailed.

------------------------------------------------------------------------------------------------------------------------
[48/102] START: What is the application fee for admission?
[48/102] DONE: 1.85s
Evidence: supported | Coverage: supported | Groups: 5
ANSWER:
The application fee for admission is **INR 1,200** for candidates belonging to **Unreserved/OBC-NCL/EWS categories**, and **INR 600** for candidates from **SC/ST/PwD categories**. This fee is non-refundable.

------------------------------------------------------------------------------------------------------------------------
[49/102] START: What research areas are available in Electrical Engineering?
[49/102] DONE: 5.61s
Evidence: supported | Coverage: partially_supported | Groups: 5
ANSWER:
The research areas available in Electrical Engineering at IIT Jodhpur, based on the retrieved information, include: 1. **Advanced Materials and Devices**: - 2D materials (e.g., MoS₂), AlGaN/GaN HEMTs, bandgap engineering, surface studies of semiconductors, micro and nano device fabrication. 2. **Organic and Flexible Electronics**: - Field-effect transistors (FETs), circuits, sensors, and organic electronics. 3. **Characterization and Simulation**: - Electrical characterization, parameter extraction, interface characterization, device simulation, and compact modeling for circuit simulations. 4. **Photonics and Communication**: - CMOS image sensors, analog/mixed-signal circuits, communication protocols for RF energy harvesting, chipless RFID, and signal processing for IoT (e.g., predictive maintenance, digital twin, communication). 5. **Visual Computing and Sociodigital Reality**: - Computer vision, visual forensics, machine learning, AR, VR, haptics, speech, and language analysis. 6. **High-Speed VLSI Systems**: - High-speed VLSI systems and EDA (Electronic Design Automation) tools. 7. **RF, Microwaves, and Photonics**: - Research in RF, microwave, and photonic technologies (links to relevant department pages). 8. **Power and Control Systems**: - Power engineering and control systems (department-specific focus areas). Note: The list is based on the retrieved context and may not cover all potential research areas. For more details, refer to the official department pages linked in the context.

------------------------------------------------------------------------------------------------------------------------
[50/102] START: What research themes are covered by the Electrical Engineering department?
[50/102] DONE: 4.48s
Evidence: supported | Coverage: supported | Groups: 5
ANSWER:
The Electrical Engineering department at IIT Jodhpur covers the following research themes: 1. **Sociodigital Reality** (AR, VR, Haptics, Speech and Language Analysis) 2. **High-speed VLSI Systems and EDA Tools** 3. **Neuromorphic Computing** 4. **2D Materials** (e.g., MoS₂, AlGaN/GaN HEMTs) 5. **Semiconductor Research** (Bandgap engineering, surface studies) 6. **Micro and Nano Device Fabrication** 7. **Organic and Flexible Electronics** (Field-effect transistors, sensors) 8. **Device Simulation and Compact Modeling** 9. **CMOS Image Sensors and Analog/Mixed-Signal Circuits** 10. **Communication Technologies** - RF energy harvesting-based systems - Chipless RFID - 5G millimeterwave antennas - Optical Wireless Communications - MIMO communications 11. **Signal Processing** (IoT, Predictive Maintenance, Digital Twin) 12. **Visual Computing** (Computer Vision, Visual Forensics) 13. **Power Systems and Electronics** 14. **Cyber-Physical Systems** 15. **Microgrid Control and Distributed Generation** 16. **Condition Monitoring and Mechatronics** 17. **Oxide Metal Semiconductors** (sputtered sensors) 18. **RF, Microwaves, and Photonics** These themes are further detailed through interdisciplinary collaborations and specialized labs, as outlined in the department’s research tracks and associated faculty expertise.

------------------------------------------------------------------------------------------------------------------------
[51/102] START: What kind of work is being done in control systems in Electrical Engineering?
[51/102] DONE: 0.43s
Evidence: supported | Coverage: insufficient | Groups: 5
ANSWER:
I'm sorry, I don't know based on the available information.

------------------------------------------------------------------------------------------------------------------------
[52/102] START: What research is being done in power systems and power electronics?
[52/102] DONE: 4.17s
Evidence: supported | Coverage: partially_supported | Groups: 5
ANSWER:
The retrieved context partially supports information about research related to power systems and power electronics at IIT Jodhpur. Here's the relevant information: ### **Power Systems Research** - **Energy Engineering Program**: The M.Tech. in Energy Engineering focuses on topics like: - Renewable and conventional power generation systems. - Hydrogen and alternative energy carriers. - Energy storage technologies. - Distributed and digital energy systems. - AI/ML-enabled data analytics for energy management. - **Broader Energy Sector**: Research aligns with global trends, including smart grids, renewable integration, and digital energy management, as part of India’s Net-Zero 2070 goals and the National Green Hydrogen Mission. ### **Power Electronics Research** - **Circuit and System Design**: mentions work on analog/mixed-signal circuits, RF energy harvesting communication protocols, and high-speed VLSI systems, which could intersect with power electronics applications. - **Device Simulation**: Research in "new and unconventional devices" and "compact modeling for circuit simulations" may include power electronics components like converters or inverters, though specifics are not detailed. ### **Limitations** The context does not explicitly list standalone research areas focused on **power systems** or **power electronics**. The mentioned topics are either part of broader energy engineering programs or general circuit design. For precise details on specific research projects or labs, further inquiry into the institute’s official resources would be needed.

------------------------------------------------------------------------------------------------------------------------
[53/102] START: What research areas involve robotics and control systems?
[53/102] DONE: 2.84s
Evidence: supported | Coverage: partially_supported | Groups: 5
ANSWER:
The research areas at IIT Jodhpur that involve **robotics and control systems** include: 1. **Adaptive control & robotics** 2. **Robust & optimal control** 3. **Control of micro-grid & uncertain system** 4. **Demand-side management** These areas are part of the Electrical Engineering research focus and align with interdisciplinary efforts in automation, system dynamics, and advanced control strategies. **Note**: The available information highlights these specific areas, but it does not explicitly mention further details about their integration with robotics beyond the listed themes.

------------------------------------------------------------------------------------------------------------------------
[54/102] START: What research areas are related to VLSI?
[54/102] DONE: 3.52s
Evidence: supported | Coverage: supported | Groups: 5
ANSWER:
The research areas related to VLSI (Very Large Scale Integration) at IIT Jodhpur include: - **High-speed VLSI Systems and EDA tools** (under Electrical Engineering). This area focuses on advanced VLSI system design, high-speed circuit architectures, and electronic design automation (EDA) tools. For further details on associated faculty or projects, refer to the official IIT Jodhpur resources.

------------------------------------------------------------------------------------------------------------------------
[55/102] START: What research is being done in RF, microwaves, and photonics?
[55/102] DONE: 4.08s
Evidence: supported | Coverage: partially_supported | Groups: 5
ANSWER:
IIT Jodhpur is conducting research in the following areas related to **RF, microwaves, and photonics**: ### **Photonics Research** - **Terahertz generation and applications** - **Photonic sensors** - **Ultrafast Optics** - **Nonlinear Optics** - **Light in disordered media** - **Topological Singularities** - **Specially Optical Fibers** - **Bound state in the continuum** - **Disorder Photons and Light-Matter Interaction** - **Ceramic materials for high-energy laser applications** ### **RF and Microwave Research** - **Millimeterwave antennas and circuits for 5G applications** - **RF energy harvesting-based systems** - **Chipless RFID (Radio-Frequency Identification)** - **Communication protocols for RF energy harvesting** - **High-speed VLSI systems and EDA tools** - **Analog and mixed-signal circuits** - **Compact modeling for circuit simulations** - **CMOS image sensors** ### **Related Semiconductor and Material Studies** - **2D materials (e.g., MoS₂, AlGaN/GaN HEMTs)** - **Bandgap engineering and surface studies of semiconductors** - **Oxide metal semiconductors by sputtering for sensor applications** For detailed information, candidates are directed to the **research groups' faculty pages** (links provided in the retrieved context).

------------------------------------------------------------------------------------------------------------------------
[56/102] START: What research is being done in communication systems?
[56/102] DONE: 4.26s
Evidence: supported | Coverage: partially_supported | Groups: 5
ANSWER:
IIT Jodhpur's research in communication systems includes the following areas, as supported by the retrieved context: 1. **Next-Generation Communication Systems**: Focus on advanced technologies like 5G/6G, optical wireless communications, and photonic integrated systems. 2. **Millimeterwave Antennas and Circuits**: Development of antennas and circuits for 5G applications. 3. **Optical Wireless Communications**: Research on performance improvement and security enhancements. 4. **Communication Protocols**: Design for RF energy harvesting-based systems and IoT applications (e.g., predictive maintenance, digital twins). 5. **Chipless RFID and Signal Processing**: Exploration of RFID technologies and signal processing for IoT and communication systems. 6. **RF and Microwave Systems**: Studies in RF-photonics, sensing, and microwave technologies. These efforts align with India’s strategic priorities in semiconductor manufacturing, 5G/6G, and Industry 5.0 standards. The retrieved context partially supports this answer, covering specific research themes but not exhaustive details.

------------------------------------------------------------------------------------------------------------------------
[57/102] START: What research areas involve signal processing?
[57/102] DONE: 3.56s
Evidence: supported | Coverage: supported | Groups: 5
ANSWER:
The research areas at IIT Jodhpur that involve **signal processing** include: 1. **Signal Processing for IoT Applications** - Predictive Maintenance - Digital Twin Communication - Communication protocols for RF energy harvesting-based systems 2. **Analog and Mixed-Signal Circuits** - Design and development of circuits for signal processing applications. 3. **CMOS Image Sensors** - Signal processing in imaging systems. 4. **Biomedical Imaging & Image Processing** - Analysis and processing of biomedical signals and images. 5. **IoT Architecture and Secure Communication** - Design of secure communication protocols for IoT systems, involving signal processing techniques. These areas are explicitly mentioned in the retrieved context and align with the institute’s focus on interdisciplinary research in electronics, communication, and embedded systems.

------------------------------------------------------------------------------------------------------------------------
[58/102] START: What research is being done in device simulation?
[58/102] DONE: 4.10s
Evidence: supported | Coverage: partially_supported | Groups: 5
ANSWER:
IIT Jodhpur's research in **device simulation** includes: - **Device Simulation: New and Unconventional Devices** - **Compact Modeling for Circuit Simulations** These areas focus on advancing simulation techniques for novel device designs and circuit modeling. Additional related research topics, such as analog/mixed-signal circuits and RF energy harvesting protocols, are part of broader interdisciplinary efforts but are explicitly tied to device simulation in the context of innovation and unconventional approaches.

------------------------------------------------------------------------------------------------------------------------
[59/102] START: What research is being done in organic and flexible electronics?
[59/102] DONE: 3.82s
Evidence: supported | Coverage: partially_supported | Groups: 5
ANSWER:
The research in organic and flexible electronics at IIT Jodhpur includes the following areas: - **Field-effect transistors (FETs), Circuits, and Sensors**: Development of organic and flexible electronic components and systems. - **Micro and Nano device fabrications**: Advanced fabrication techniques for organic and flexible electronic devices. - **Electrical characterization and Interface characterization**: Studies on the electrical properties and interfaces of organic materials. - **Device Simulation**: Research on simulating new and unconventional devices for organic electronics. - **Compact Modeling for Circuit Simulations**: Creation of models to optimize circuit performance in flexible electronics. - **Analog and mixed-signal circuits**: Design of circuits for applications in flexible and organic systems. - **Communication protocols for RF energy harvesting-based systems**: Integration of RF energy harvesting with flexible electronics. - **Signal Processing for IoT**: Applications of signal processing in IoT systems, including predictive maintenance and digital twins. - **Visual Computing (Computer Vision, Visual Forensics, Machine Learning)**: Leveraging organic electronics for visual computing technologies. - **Sociodigital Reality (AR, VR, Haptics, Speech and Language Analysis)**: Exploring flexible electronics in augmented reality, virtual reality, and haptic interfaces. - **High-speed VLSI Systems and EDA tools**: Development of high-speed Very Large-Scale Integration (VLSI) systems and electronic design automation tools for flexible electronics. This research spans both fundamental studies and application-oriented innovations in the field.

------------------------------------------------------------------------------------------------------------------------
[60/102] START: What areas of Electrical Engineering research involve visual computing?
[60/102] DONE: 0.41s
Evidence: supported | Coverage: insufficient | Groups: 5
ANSWER:
I'm sorry, I don't know based on the available information.

------------------------------------------------------------------------------------------------------------------------
[61/102] START: What research groups are available in the Physics department?
[61/102] DONE: 2.77s
Evidence: supported | Coverage: supported | Groups: 5
ANSWER:
The Physics department at IIT Jodhpur has established four focused research groups: 1. **Quantum Physics** 2. **High Energy and Astrophysics** 3. **Optics and Photonics** 4. **Condensed Matter and Plasma Physics** These groups conduct both fundamental and applied research in their respective domains, supported by thematic research laboratories and supervised by faculty members.

------------------------------------------------------------------------------------------------------------------------
[62/102] START: What research areas are covered in Physics?
[62/102] DONE: 0.43s
Evidence: supported | Coverage: insufficient | Groups: 5
ANSWER:
I'm sorry, I don't know based on the available information.

------------------------------------------------------------------------------------------------------------------------
[63/102] START: What academic programs are offered by the Physics department?
[63/102] DONE: 3.71s
Evidence: supported | Coverage: supported | Groups: 5
ANSWER:
The Department of Physics at IIT Jodhpur offers the following academic programs: 1. **B.S. in Engineering Physics** - A 4-year undergraduate interdisciplinary program integrating core physics with engineering and emerging technologies. - Students can pursue minors from other departments and gain research exposure through project work and laboratory training. 2. **M.Sc. in Physics** - A 2-year postgraduate program focusing on advanced training in fundamental and applied physics, with research opportunities. - The curriculum was updated starting in 2026 (refer to the provided curriculum documents for details). 3. **Dual Degree Program: M.Sc. (Physics) + M.Tech. (Materials Engineering)** - A 4-year integrated program combining the M.Sc. in Physics with a Master of Technology in Materials Engineering. 4. **Ph.D. Program in Physics** - Enables scholars to pursue cutting-edge research in theoretical, experimental, and computational physics under faculty supervision. **Note**: Before 2026, the department offered additional postgraduate programs, but specific details about these older programs are not provided in the retrieved context. For further details, refer to the official curriculum documents linked in the retrieved context.

------------------------------------------------------------------------------------------------------------------------
[64/102] START: What research facilities are available across the institute?
[64/102] DONE: 3.67s
Evidence: supported | Coverage: supported | Groups: 5
ANSWER:
IIT Jodhpur offers a wide range of advanced research facilities across its campus, including: ### **Central Research Facility (CRF)** - Established in 2018, this state-of-the-art facility provides multidisciplinary research support to undergraduate, graduate, Ph.D. students, faculty, and external researchers. - Services include access to advanced scientific instrumentation and collaborative research opportunities. ### **Key Research Equipment** The institute houses specialized laboratories and instruments such as: - **Differential Scanning Calorimeter** - **Simultaneous Thermal Analyser** - **Powder X-ray Diffractometer** - **Single Crystal X-ray Diffractometer** - **Atomic Force Microscope (Park XE-70)** - **Scanning Electron Microscope (SEM) with Electron Dispersion Spectrometer** - **Nuclear Magnetic Resonance Spectrometer (500 MHz)** - **UV-Vis Spectrophotometers** - **Fourier-Transform Infrared Spectroscopy (FTIR)** - **Fluorescence Spectrometer** - **Surface Area Analyzer (Physisorption and Chemisorption Analyzers)** - **Dynacool-PPMS, SQUID, Raman Spectrometer** - **Thermal Evaporator, Furnaces, Glove Box, Solar Simulator** These facilities support research across disciplines, including materials science, chemistry, electrical engineering, and more. For department-specific details, refer to the respective department pages (e.g., [Electrical Engineering](https://www.iitj.ac.in/Electrical-Engineering/en/)).

------------------------------------------------------------------------------------------------------------------------
[65/102] START: What kinds of research laboratories are available?
[65/102] DONE: 2.70s
Evidence: supported | Coverage: partially_supported | Groups: 5
ANSWER:
The available information highlights several interdisciplinary research areas and facilities but does not explicitly list specific research laboratories. Here's what is mentioned: - **Research Areas**: - Diagnostics & Therapeutics development - Instrumentation design & Development - Multi-omics Technologies & Applications - Biomedical Imaging & Image processing - Systems & Synthetic Biology - Biomaterials Engineering - Artificial Intelligence for biological applications - **Facilities Mentioned**: - Facilities for AIOT (Artificial Intelligence of Things) technologies (). - Hands-on laboratory training through courses and short-term projects (). Note: The retrieved context does not provide specific names or details of individual research laboratories. The focus is on interdisciplinary research domains and training opportunities rather than lab-specific facilities.

------------------------------------------------------------------------------------------------------------------------
[66/102] START: Which departments are active in interdisciplinary research?
[66/102] DONE: 3.44s
Evidence: supported | Coverage: supported | Groups: 5
ANSWER:
The departments at IIT Jodhpur actively engaged in interdisciplinary research include: 1. **Department of Electrical Engineering** - Engages in interdisciplinary research through collaborations with faculty across various departments via the Institute's Interdisciplinary Research Platforms (IDRPs). - Research areas include sociodigital reality, signal processing, control systems, and cyber-physical systems, often involving cross-departmental partnerships. 2. **Department of Economics (PhD Program)** - Focuses on interdisciplinary research, integrating global economic perspectives with region-specific policy challenges. - Collaborates with academic institutions, think tanks, industries, and international research networks. 3. **Department of Materials Engineering** - Conducts interdisciplinary projects with industries, R&D labs, and academia. - Explores advanced concepts like smart materials, additive manufacturing, and AI-driven solutions, often in collaboration with other departments. These departments emphasize cross-disciplinary collaboration to address complex challenges and advance innovation.

------------------------------------------------------------------------------------------------------------------------
[67/102] START: Which schools are involved in research activities?
[67/102] DONE: 3.35s
Evidence: supported | Coverage: supported | Groups: 5
ANSWER:
The School of Design at IIT Jodhpur is explicitly mentioned as being involved in research activities, particularly through its PhD program focusing on interdisciplinary design research. Additionally, the retrieved context highlights collaborations across IIT Jodhpur's interdisciplinary research groups, suggesting involvement of multiple schools. However, specific names of other schools beyond the School of Design are not explicitly detailed in the provided information. For precise details on other schools involved, further clarification from official sources is recommended.

------------------------------------------------------------------------------------------------------------------------
[68/102] START: What research themes are available outside Electrical Engineering?
[68/102] DONE: 0.39s
Evidence: supported | Coverage: insufficient | Groups: 5
ANSWER:
I'm sorry, I don't know based on the available information.

------------------------------------------------------------------------------------------------------------------------
[69/102] START: What research facilities are available for students?
[69/102] DONE: 2.96s
Evidence: supported | Coverage: supported | Groups: 5
ANSWER:
IIT Jodhpur offers specialized research facilities to support student innovation and academic work. Key facilities include: - **Specialized Prototyping Labs**: Equipped with advanced tools for hardware development, 3D printing, electronics testing, and technology validation. - **Hostel Facilities**: While primarily for accommodation, hostels provide Wi-Fi, LAN connectivity, and common rooms (including TV rooms) to support academic and recreational activities. For research funding, students may access fellowships like the MoE (Institute Fellowship), PMRF (Prime Minister Research Fellowship), and Visvesvaraya PhD Scheme, as outlined in the institute’s vision for AI & Data Science research. These resources aim to foster both technical experimentation and collaborative academic environments.

------------------------------------------------------------------------------------------------------------------------
[70/102] START: What is being done in advanced technology and prototyping research?
[70/102] DONE: 2.48s
Evidence: supported | Coverage: partially_supported | Groups: 5
ANSWER:
IIT Jodhpur's vision includes advancing knowledge and developing cutting-edge technologies in **Artificial Intelligence & Data Science for social good**, as mentioned in the retrieved context. However, the provided information does not specify particular research initiatives or projects focused on **advanced technology and prototyping**. The details about research proposals and teaching assistantships are general program requirements and do not directly address current prototyping research efforts. For precise information on ongoing advanced technology or prototyping research, further details from official sources or department-specific updates would be required.

------------------------------------------------------------------------------------------------------------------------
[71/102] START: What are the hostel fees?
[71/102] DONE: 3.35s
Evidence: supported | Coverage: supported | Groups: 5
ANSWER:
The hostel fees at IIT Jodhpur vary based on the type of booking (short-term or long-term) and occupancy (single or double). Here are the details: ### **Short-term Hostel Accommodation (01–10 days)** - **Double Occupancy (without bedding):** ₹450/day/person (excl. GST) - **Double Occupancy (with 1 bedding set):** ₹600/day/person (excl. GST) ### **Long-term Hostel Accommodation (11 days–6 months)** - **Single Occupancy:** ₹300/day/person (excl. GST) - **Double Occupancy:** ₹400/day/person (excl. GST) **Notes:** 1. The semester fee includes hostel charges for regular students. 2. SC, ST, and PwD students are exempt from tuition fees but still pay hostel charges as per the above rates. 3. Additional costs like GST may apply. 4. PhD students can avail hostel accommodation beyond one month at these rates (without semester fee payment). For precise calculations, multiply the daily rate by the number of days.

------------------------------------------------------------------------------------------------------------------------
[72/102] START: What is the daily hostel accommodation charge?
[72/102] DONE: 6.14s
Evidence: supported | Coverage: supported | Groups: 5
ANSWER:
The daily hostel accommodation charges at IIT Jodhpur are as follows: ### **Short-term Booking (1–10 days)** - **Double Occupancy (without bedding)**: ₹450/- per day (excl. GST) - **Single Occupancy (without bedding)**: ₹750/- per day (excl. GST) - **Double Occupancy (with 1 bedding set)**: ₹600/- per day (excl. GST) - **Single Occupancy (with 1 bedding set)**: ₹900/- per day (excl. GST) ### **Long-term Booking (11 days–6 months)** - **Double Occupancy (without bedding)**: ₹300/- per day (excl. GST) - **Single Occupancy (without bedding)**: ₹500/- per day (excl. GST) - **Double Occupancy (with 1 bedding set)**: ₹400/- per day (excl. GST) - **Single Occupancy (with 1 bedding set)**: ₹600/- per day (excl. GST) These rates apply to students, staff, faculty, executive participants, and visitors. GST is excluded from the charges. PhD students may also avail long-term stays beyond one month without semester fee payment.

------------------------------------------------------------------------------------------------------------------------
[73/102] START: How much does short-term hostel accommodation cost?
[73/102] DONE: 2.00s
Evidence: supported | Coverage: supported | Groups: 5
ANSWER:
The retrieved context mentions that short-term hostel accommodation charges are applicable for stays not exceeding 10 days, with rates specified as **"Charges per day per person (Double Occupancy, excl. GST)"** in a table (). However, the exact numerical values for these charges are not provided in the retrieved text. For precise details, please refer to the official fee structure or contact the IIT Jodhpur finance department.

------------------------------------------------------------------------------------------------------------------------
[74/102] START: How much does long-term hostel accommodation cost?
[74/102] DONE: 3.78s
Evidence: supported | Coverage: supported | Groups: 5
ANSWER:
The retrieved context mentions that long-term hostel accommodation (11 days - 6 months) is available, but it does not specify the exact charges per day for long-term stays. The provided information only lists short-term (01-10 days) charges and general room rent rates without bedding or with bedding, but these are not tied to long-term durations. Thus, the exact cost for long-term hostel accommodation is not detailed in the available information.

------------------------------------------------------------------------------------------------------------------------
[75/102] START: What is the difference between single and double hostel accommodation?
[75/102] DONE: 3.04s
Evidence: supported | Coverage: supported | Groups: 5
ANSWER:
The difference between single and double hostel accommodation at IIT Jodhpur is as follows: 1. **Room Type**: - **Double Occupancy**: Rooms accommodate two people. - **Single Occupancy**: Rooms are reserved for individual use (subject to availability). 2. **Charges (per day, excluding GST)**: - **Short-term bookings (01–10 days)**: - Double Occupancy: ₹450 (for visitors/executive students) or ₹300 (for students/staff/faculty). - Single Occupancy: ₹750 (for visitors/executive students) or ₹500 (for students/staff/faculty). - **Long-term bookings (11 days–6 months)**: - Double Occupancy: ₹2175 per month (for students/staff/faculty). - Single Occupancy: ₹2175 per month (for students/staff/faculty). 3. **Eligibility**: - First-year students (UG/PG/PhD) are allocated **double-occupancy rooms** by default. - Single occupancy is available for specific categories (e.g., visitors, executive students) or based on availability. The hostel provides basic facilities like air-conditioning and bedding (optional, depending on booking type).

------------------------------------------------------------------------------------------------------------------------
[76/102] START: What are the hostel charges for students?
[76/102] DONE: 4.58s
Evidence: supported | Coverage: supported | Groups: 5
ANSWER:
The hostel charges for students at IIT Jodhpur are structured as follows: ### **Daily Charges (Excl. GST)** - **Without bedding**: - **Double Occupancy**: ₹300/- per day - **Single Occupancy**: ₹500/- per day - **With 1 bedding set**: - **Double Occupancy**: ₹400/- per day - **Single Occupancy**: ₹600/- per day ### **Additional Notes** 1. **Meal Charges**: Separate from hostel fees and paid directly to the mess vendor. 2. **Semester Fee Inclusion**: Hostel fees are included in the semester fee. 3. **Long-term Stays (11 days–6 months)**: Rates for exceeding 11 days but less than a month are mentioned in the context but not fully specified here. For short-term stays (up to 10 days), charges are higher (₹450/- and ₹750/- for double occupancy without bedding, etc.), but these apply to visitors/executive students. Student-specific long-term rates are detailed above. *Note: Rates are subject to revision as per institutional policies.*

------------------------------------------------------------------------------------------------------------------------
[77/102] START: What are the hostel charges for visitors or executive students?
[77/102] DONE: 3.17s
Evidence: supported | Coverage: supported | Groups: 5
ANSWER:
The hostel charges for visitors or executive students are applicable for short-term bookings (01–10 days) and are as follows: - **Double Occupancy (without bedding):** ₹450 per day per person (excluding GST) - **Double Occupancy (with 1 bedding set):** ₹600 per day per person (excluding GST) These rates are specified for short-term stays. For long-term bookings (11 days–6 months), the charges are not detailed in the provided context. Note: GST is not included in the above rates.

------------------------------------------------------------------------------------------------------------------------
[78/102] START: What are the hostel charges with bedding?
[78/102] DONE: 2.51s
Evidence: supported | Coverage: supported | Groups: 5
ANSWER:
The hostel charges with bedding (1 bedding set) are as follows: - **Double Occupancy (excl. GST):** ₹400 per day per person - **Single Occupancy (excl. GST):** ₹600 per day per person *Note:* These rates are inclusive of a bucket/mug and apply to students, staff, faculty, and other residents. Long-term bookings (11 days–6 months) may have additional charges for stays exceeding 10 days. For short-term bookings (01–10 days), the charges are ₹600/- (double) and ₹900/- (single) per day per person, inclusive of bedding. *Disclaimer:* The fee structure may be revised as per institute policies.

------------------------------------------------------------------------------------------------------------------------
[79/102] START: What are the hostel charges without bedding?
[79/102] DONE: 2.17s
Evidence: supported | Coverage: supported | Groups: 5
ANSWER:
The hostel charges without bedding are as follows: - **Double Occupancy (excl. GST): ₹300/- per day per person** - **Single Occupancy (excl. GST): ₹500/- per day per person** These rates apply to students, staff, and faculty for stays within the specified duration categories. Note that GST is not included in the above charges.

------------------------------------------------------------------------------------------------------------------------
[80/102] START: Does the semester fee include hostel fees?
[80/102] DONE: 1.87s
Evidence: supported | Coverage: supported | Groups: 5
ANSWER:
Yes, according to the information provided, the **semester fee includes hostel fees**. This is explicitly stated in the retrieved context. Additionally, it is noted that **SC, ST, and PwD students are exempted from paying tuition fees** but are still required to pay other charges, including hostel fees as part of the semester fee. For further details on fee structures or specific categories, additional documents may provide more context.

------------------------------------------------------------------------------------------------------------------------
[81/102] START: What facilities are available in the hostel?
[81/102] DONE: 3.09s
Evidence: supported | Coverage: supported | Groups: 5
ANSWER:
The hostels at IIT Jodhpur offer a range of facilities designed to ensure a comfortable and productive stay for residents. Key facilities include: - **Accommodation**: - Furnished rooms (approx. 80 sq ft) with basic furniture (bed, study table, chair, almirah). - Air-conditioning. - Optional bedding (available for short-term bookings). - **Utilities**: - Electricity and water supply. - **Connectivity**: - Wi-Fi and LAN for academic and personal use. - **Common Areas**: - Dedicated common rooms, including TV rooms for recreation. - **Safety and Environment**: - Well-ventilated rooms. - A safe, inclusive, and vibrant environment promoting academic focus and cultural exchange. These facilities are available across the 17 hostels (5 girls’ and 12 boys’ hostels) located within the IIT Jodhpur campus.

------------------------------------------------------------------------------------------------------------------------
[82/102] START: What dining options are available in the hostel?
[82/102] DONE: 3.24s
Evidence: supported | Coverage: supported | Groups: 5
ANSWER:
The hostel at IIT Jodhpur offers **separate dining facilities** catering to different dietary preferences. Specifically: - **Vegetarian mess** - **Non-vegetarian mess** Students are required to pay meal charges directly to the mess vendor at the mess counter. For events or programs involving meals, organizers must coordinate directly with the mess vendor(s) to arrange food. No additional dining options or facilities are detailed in the provided information.

------------------------------------------------------------------------------------------------------------------------
[83/102] START: How does the hostel booking process work?
[83/102] DONE: 3.48s
Evidence: supported | Coverage: supported | Groups: 5
ANSWER:
The hostel booking process at IIT Jodhpur is managed through an **online ERP-based system** by the **Office of Students (Hostel Affairs)**. Key details include: 1. **Booking Categories**: - **Short-term stays** (up to 10 days) are available for visitors, interns, executive students, participants in institute events, and approved invitees. - **Long-term stays** (11 days or more) are for students, staff, faculty, and PhD candidates (post-thesis submission). 2. **Charges**: - Short-term stays: Rates vary by occupancy (single/double) and include room rent (with or without bedding). - Long-term stays: Rs. 2,175 per month (excluding GST) for durations exceeding one month. 3. **Facilities**: Hostels provide basic amenities like furnished rooms, air-conditioning, Wi-Fi, LAN connectivity, and common areas (e.g., TV rooms). 4. **Fee Structure**: - Hostel fees are included in the **semester fee** (as per ). - A **refundable deposit** (Rs. 8,000) is required for students. For specific pricing details, refer to the charges outlined in Documents 4 and 6. The exact booking steps are not explicitly detailed in the retrieved context.

------------------------------------------------------------------------------------------------------------------------
[84/102] START: Who can use the hostel accommodation facilities?
[84/102] DONE: 3.05s
Evidence: supported | Coverage: supported | Groups: 5
ANSWER:
The hostel accommodation facilities at IIT Jodhpur are available to the following categories of individuals: 1. **Students**: - Undergraduate (UG), Postgraduate (PG), and PhD students. - First-year students are allocated double-occupancy rooms. 2. **Staff and Faculty**: - Members of the institute's staff and faculty. 3. **Visitors and Special Cases**: - **Short-term visitors**: Executives, interns, participants of institute events, campus immersion programs, or approved invitees (stay not exceeding 10 days). - **Long-term visitors**: For stays exceeding 10 days but up to 6 months, specific charges apply. **Note**: Hostel allocation is governed by institute policies and depends on eligibility, program of study, year of residence, and availability. Visitors and non-students must adhere to the specified duration and booking rules. This information is derived from the hostel policies outlined in the retrieved documents.

------------------------------------------------------------------------------------------------------------------------
[85/102] START: How do hostel charges vary by duration of stay?
[85/102] DONE: 2.85s
Evidence: supported | Coverage: supported | Groups: 5
ANSWER:
The hostel charges at IIT Jodhpur vary based on the **duration of stay**, with distinct rates for short-term and long-term bookings: 1. **Short-term Hostel Accommodation (01–10 days)**: - Charges are applied per day per person (double occupancy, excluding GST). 2. **Long-term Hostel Accommodation (11 days–6 months)**: - Charges are also calculated per day per person (double occupancy, excluding GST). The exact daily rates for these categories are not fully specified in the provided context. For precise amounts, refer to the official fee structure or contact the institute's finance department. Note: Semester fees include hostel charges for regular students, but additional costs may apply for extended stays beyond the academic semester.

------------------------------------------------------------------------------------------------------------------------
[86/102] START: Are single rooms available in the hostel?
[86/102] DONE: 2.16s
Evidence: supported | Coverage: supported | Groups: 5
ANSWER:
Yes, single rooms are available in the hostel at IIT Jodhpur. Hostel accommodation is provided in **single- or double-occupancy rooms**, with the allocation depending on the academic program (UG/PG/PhD) and the year of residence. Specifically, **all first-year students (UG/PG/PhD)** are allocated **double-occupancy rooms**, implying that single rooms may be available for students in higher years or based on program-specific criteria. The exact availability is governed by institute policies and eligibility rules.

------------------------------------------------------------------------------------------------------------------------
[87/102] START: What is the latest hostel fee for 2027?
[87/102] DONE: 0.29s
Evidence: insufficient | Coverage: supported | Groups: 5
ANSWER:
I'm sorry, I don't know based on the available information.

------------------------------------------------------------------------------------------------------------------------
[88/102] START: What is the latest hostel fee for 2028?
[88/102] DONE: 0.27s
Evidence: insufficient | Coverage: supported | Groups: 5
ANSWER:
I'm sorry, I don't know based on the available information.

------------------------------------------------------------------------------------------------------------------------
[89/102] START: What is the daily hostel fee if the published rate is monthly?
[89/102] DONE: 3.04s
Evidence: supported | Coverage: supported | Groups: 5
ANSWER:
The daily hostel fee for students at IIT Jodhpur is as follows: - **Double Occupancy (without bedding):** ₹300 per day per person - **Single Occupancy (subject to availability):** ₹500 per day per person - **Double Occupancy (with 1 bedding set):** ₹400 per day per person - **Single Occupancy (with 1 bedding set):** ₹600 per day per person *Note:* The provided context does not include a published monthly rate for hostel fees. The above rates are based on daily charges for long-term bookings (11 days–6 months). If you need further clarification, please provide additional details.

------------------------------------------------------------------------------------------------------------------------
[90/102] START: What was the hostel fee for AY 2026-2027?
[90/102] DONE: 4.35s
Evidence: supported | Coverage: supported | Groups: 5
ANSWER:
The hostel fee for the Academic Year (AY) 2026-2027 is structured as daily charges, with specific rates for different categories and occupancy types. Here are the details provided: ### **Hostel Accommodation Charges (Per Day)** 1. **Short-term bookings (01–10 days):** - **Without bedding (Double Occupancy):** ₹450/- (excl. GST) - **With 1 bedding set (Double Occupancy):** ₹600/- (excl. GST) - **Without bedding (Single Occupancy):** ₹750/- (excl. GST) - **With 1 bedding set (Single Occupancy):** ₹900/- (excl. GST) 2. **Long-term bookings (11 days–6 months):** - **Without bedding (Double Occupancy):** ₹300/- (excl. GST) - **With 1 bedding set (Double Occupancy):** ₹400/- (excl. GST) - **Without bedding (Single Occupancy):** ₹500/- (excl. GST) - **With 1 bedding set (Single Occupancy):** ₹600/- (excl. GST) ### **Notes:** - The fee structure may be revised as per institute policies. - **SC, ST, and PwD students** are exempt from tuition fees but still pay hostel charges as per the above rates. - For stays exceeding 6 months, additional charges may apply, but the exact calculation for the full academic year (AY 2026-2027) is not specified in the provided context. If you need the total annual cost, it would require multiplying the daily rate by the number of days in the academic year (typically 8–10 months), but this is not explicitly provided in the documents.

------------------------------------------------------------------------------------------------------------------------
[91/102] START: What is the current hostel fee?
[91/102] DONE: 3.38s
Evidence: supported | Coverage: supported | Groups: 5
ANSWER:
The hostel accommodation charges for students at IIT Jodhpur are as follows: ### **Long-term Bookings (11 days - 6 months)** - **Hostel Room Rent (without bedding):** - **Double Occupancy:** ₹300/- per day (inclusive of bucket/mug) - **Single Occupancy:** ₹500/- per day (subject to availability) - **Hostel Room Rent (with 1 bedding set):** - **Double Occupancy:** ₹400/- per day - **Single Occupancy:** ₹600/- per day These rates are applicable for students staying in hostel accommodations. For short-term bookings (up to 10 days), the charges are higher (₹450/- to ₹900/- per day, excluding GST). **Note:** The fee structure may be subject to revision as approved by the institute. For precise current rates, refer to the official IIT Jodhpur finance portal.

------------------------------------------------------------------------------------------------------------------------
[92/102] START: Can a monthly hostel fee be converted into a daily fee?
[92/102] DONE: 2.97s
Evidence: supported | Coverage: partially_supported | Groups: 5
ANSWER:
The hostel accommodation charges at IIT Jodhpur are calculated on a **daily basis** for both short-term (up to 10 days) and long-term (11 days to 6 months) stays. The fees are specified as daily rates per person (for single or double occupancy), as detailed in the retrieved documents. There is **no explicit mention of a monthly hostel fee** in the provided context. Therefore, converting a monthly fee into a daily fee is not directly supported by the available information. If a student requires accommodation for a month (e.g., 30 days), the total cost would be calculated by multiplying the daily rate by the number of days stayed. For precise calculations, refer to the daily rates provided in the hostel fee structure.

------------------------------------------------------------------------------------------------------------------------
[93/102] START: What is the exact salary of every professor at IIT Jodhpur?
[93/102] DONE: 0.27s
Evidence: insufficient | Coverage: insufficient | Groups: 5
ANSWER:
I'm sorry, I don't know based on the available information.

------------------------------------------------------------------------------------------------------------------------
[94/102] START: Which professor is the best researcher in Electrical Engineering?
[94/102] DONE: 0.23s
Evidence: insufficient | Coverage: partially_supported | Groups: 5
ANSWER:
I'm sorry, I don't know based on the available information.

------------------------------------------------------------------------------------------------------------------------
[95/102] START: What are the Ph.D. eligibility requirements and the hostel fees?
[95/102] DONE: 6.73s
Evidence: supported | Coverage: supported | Groups: 10
ANSWER:
**1. Ph.D. Eligibility Requirements** - **Academic Qualifications**: Applicants must hold a bachelor’s degree (minimum 4-year duration) in engineering, science, medicine, pharmacy, agricultural science, veterinary science, design, architecture, or equivalent. Minimum marks: **70% (or 7.0 CPI/CGPA)** for general categories; **65%** for SC/ST/PD candidates. - **No Concurrent Enrollment**: Candidates admitted to the Ph.D. program must **not** be registered in any other academic program (India or abroad) or employed full-time/part-time by any organization. - **Relaxation for SC/ST/PD**: Eligibility marks are relaxed as per **Ministry of Education rules**. - **Comprehensive Examination**: A written test assessing general and specific knowledge in the research field (two attempts allowed). **Conflict Note**: The evidence mentions varying criteria (e.g., "CETE may use higher performance criteria if applications are high"), but no explicit resolution is provided. --- **2. Hostel Fees** - **Short-Term Booking (01–10 days)**: - **Double Occupancy (excl. GST)**: ₹450/day (₹750/day with bedding). - **Single Occupancy (excl. GST)**: ₹300/day (₹500/day with bedding). - **Long-Term Booking (11 days–6 months)**: - Rates are mentioned but **not fully specified** in the evidence. - **Exemptions**: SC/ST/PwD students are **exempt from tuition fees** but **still required to pay hostel fees**. - **Semester Fee Inclusion**: Hostel charges are included in the semester fee. **Conflict Note**: The evidence partially overlaps (e.g., "semester fee includes hostel fees" vs. separate billing for long-term stays), but no explicit resolution is provided.

------------------------------------------------------------------------------------------------------------------------
[96/102] START: What are the hostel facilities and accommodation charges?
[96/102] DONE: 4.56s
Evidence: supported | Coverage: supported | Groups: 10
ANSWER:
**1. What are the hostel facilities?** IIT Jodhpur provides comprehensive on-campus residential facilities, including: - **Accommodation**: Single- or double-occupancy rooms (80 sq ft each) with essential furniture (bed, study table, chair, almirah). - **Basic amenities**: Air-conditioning, electricity, water supply, and Wi-Fi/LAN connectivity. - **Common areas**: Dedicated TV rooms for recreation, laundry facilities, and gym access. - **Safety and environment**: Well-ventilated rooms, secure premises, and a safe, inclusive atmosphere for academic and cultural activities. - **Specialized labs**: Some hostels have prototyping labs for hardware development and electronics testing. **2. Accommodation charges?** Charges vary based on stay duration and residency category: - **Short-term (01–10 days)**: - **Visitors/Executive Students**: ₹450 (double occupancy, excl. GST) or ₹600 (with bedding). - **Students/Staff/Faculty**: ₹300 (double occupancy, excl. GST) or ₹400 (with bedding). - **Long-term (11 days–6 months)**: - **Monthly rate**: ₹2,175 (excl. GST) for stays exceeding one month. - **Short-term long bookings (11–30 days)**: ₹2,175 (excl. GST). - **Notes**: - Semester fees include hostel charges. - SC, ST, and PwD students are exempt from tuition fees. - Bedding sets are optional and additional.

------------------------------------------------------------------------------------------------------------------------
[97/102] START: What research areas are available in Electrical Engineering and what programs are offered there?
[97/102] DONE: 4.75s
Evidence: supported | Coverage: supported | Groups: 10
ANSWER:
1. **Research areas in Electrical Engineering** The available evidence lists the following research areas in Electrical Engineering: - 2D materials (e.g., MoS₂), AlGaN/GaN HEMTs, bandgap engineering, semiconductor surface studies, micro/nano device fabrication. - Organic and flexible electronics (e.g., field-effect transistors, sensors). - Device simulation, compact modeling, and CMOS image sensors. - Analog/mixed-signal circuits, RF energy harvesting protocols, chipless RFID, and signal processing for IoT (e.g., predictive maintenance, digital twins). - Visual computing (computer vision, machine learning), sociodigital reality (AR/VR, haptics, speech analysis), and high-speed VLSI systems. **Note**: The evidence covers partial information and may not be exhaustive. --- 2. **Programs offered in Electrical Engineering** IIT Jodhpur offers a **B.Tech. program in Electrical Engineering**, as detailed in the academic regulations. Admissions are conducted annually through the JEE exam. For further details, refer to the official program page: [Electrical Engineering Undergraduate Program](https://www.iitj.ac.in/electrical-engineering/en/undergraduate-program). **Note**: The evidence explicitly mentions the B.Tech. program and its admission process. Other departments (e.g., Mechanical, AI, Chemical) are listed separately and are not part of the Electrical Engineering offerings.

------------------------------------------------------------------------------------------------------------------------
[98/102] START: What programs are available through the School of Artificial Intelligence and Data Science and what research is done there?
[98/102] DONE: 5.20s
Evidence: supported | Coverage: supported | Groups: 10
ANSWER:
**1. Programs Available through the School of Artificial Intelligence and Data Science (AIDE):** - **Internship Program in AI and DS**: Bridges academic learning with industry requirements, offering hands-on experience through industry-sponsored projects, research initiatives, and collaborations with faculty and industry partners. - **M.S. (by Research) Program**: Offered by the Centre of Excellence on Brain Science and Applications (CBSA), focusing on research-oriented studies. - **Master of Technology (MTech) in AI and DS**: An advanced curriculum preparing students for leadership roles in AI and data science. - **Minor Programs in AI and DS**: Designed for BTech students to gain foundational knowledge, practical skills, and experiential learning through coursework, projects, and interdisciplinary opportunities. - **PhD Program**: Focuses on areas like Artificial Intelligence, Data Science, Brain Science, and Mathematical and Computational Economics, with interdisciplinary collaborations and industry partnerships. **2. Research Conducted through the School of Artificial Intelligence and Data Science:** - **Broad Research Areas**: - Foundational AI & DS - AI & DS Applications - Brain Science and Applications - Mathematical and Computational Economics - **PhD Research Focus**: - Theoretical modeling, econometric methods, AI/big-data-driven approaches, behavioral analysis, experimental methods, and policy evaluation frameworks. - Region-specific studies on arid and desert economies, renewable systems, water scarcity, rural–urban transitions, climate adaptation, and sustainable development (leveraging IIT Jodhpur’s location in Rajasthan). - **Collaborations**: - Partnerships with academic institutions, think tanks, industries, government agencies, and international research networks. - Postdoc and project-linked research opportunities in interdisciplinary areas. *(Answers are derived directly from the evidence provided for each intent, without merging or extrapolating beyond the given information.)*

------------------------------------------------------------------------------------------------------------------------
[99/102] START: Is the financial-assistance rule the same thing as Ph.D. admission eligibility?
[99/102] DONE: 5.02s
Evidence: supported | Coverage: supported | Groups: 5
ANSWER:
The financial-assistance rule and Ph.D. admission eligibility at IIT Jodhpur are **distinct criteria** and **not the same**. Here's the supported distinction: ### **Ph.D. Admission Eligibility** - **Academic Requirements**: - A master’s degree in engineering, science, humanities, social sciences, management, or equivalent with **at least 60% marks** (or 6.0/10 CPI/C GPA for GEN/GEN-EWS/OBC) or **55% for SC/ST**. - For MBBS/BVSc/BDS/BPTh/BOTh holders, a **60% mark** (or 6.0/10 CPI/C GPA) in the bachelor’s degree is required. - A bachelor’s degree of **minimum four-year duration** in engineering, science, medicine, pharmacy, agricultural science, etc., with **70% marks** (or 7.0/10 CPI/C GPA for GEN/GEN-EWS/OBC) or **65% for SC/ST/PD**. - **Other Conditions**: - Candidates must not be enrolled in another academic program or employed full-time. ### **Financial-Assistance Rules** - **Eligibility**: - Exceptional regular full-time candidates with a **valid UGC-NET** qualification or a **full-time postgraduate degree of two years or more** from an Institute of National Importance (INI). - Note: **Eligibility for financial assistance does not guarantee approval**; it is a separate consideration. - **Program-Specific**: - Financial assistance is explicitly tied to the **regular full-time Ph.D. program** (per ). ### **Key Difference** - **Admission eligibility** focuses on academic qualifications and program-specific criteria. - **Financial assistance** is an additional benefit for eligible candidates **after admission**, based on specific exceptions (e.g., UGC-NET, INI degrees). The rules are **separate** and **not mutually inclusive**. Admission and financial assistance are distinct processes with different requirements.

------------------------------------------------------------------------------------------------------------------------
[100/102] START: Does the School of AI and Data Science Ph.D. eligibility automatically apply to every Ph.D. program at IIT Jodhpur?
[100/102] DONE: 3.79s
Evidence: supported | Coverage: supported | Groups: 10
ANSWER:
**1. Does the School of AI?** The available evidence partially supports the existence of a School of Artificial Intelligence and Data Science (AIDE) at IIT Jodhpur. It mentions programs like the M.S. (by Research) in AI/DS, MTech in AI/DS, and PhD programs in Artificial Intelligence and Data Science. However, the evidence does not explicitly confirm the existence of a standalone "School of AI" or clarify its exact structure. Further details are not provided in the retrieved context. **2. Data Science Ph.D. eligibility automatically apply to every Ph.D. program at IIT Jodhpur?** No, the Data Science Ph.D. eligibility does not automatically apply to every Ph.D. program at IIT Jodhpur. The evidence specifies that the Data Science Ph.D. is hosted by the School of AIDE and outlines its own eligibility criteria (e.g., academic qualifications, research areas). Other Ph.D. programs, such as those in Happiness Studies, Advanced Materials Science, or Design, have distinct eligibility requirements. The retrieved context does not indicate that Data Science Ph.D. eligibility is universally applicable across all Ph.D. programs.

------------------------------------------------------------------------------------------------------------------------
[101/102] START: Which department has the best placements at IIT Jodhpur?
[101/102] DONE: 2.12s
Evidence: supported | Coverage: partially_supported | Groups: 5
ANSWER:
I'm sorry, I don't know based on the available information.

------------------------------------------------------------------------------------------------------------------------
[102/102] START: What programs will IIT Jodhpur definitely offer in 2028?
[102/102] DONE: 2.07s
Evidence: supported | Coverage: supported | Groups: 5
ANSWER:
IIT Jodhpur currently offers the following programs based on the available information: - **Ph.D. Program at IDRP on IoT & Applications** (focusing on interdisciplinary research areas like AIoT, Industry 4.0, Smart City, etc.). - **Ph.D. in Economics** (a research-intensive program addressing economic and developmental challenges). **Note:** The provided context does not specify programs that will be offered in 2028.

========================================================================================================================
REGRESSION SUMMARY
Total questions: 102
Completed: 102
Errors: 0
Average latency: 3.58s
Slowest question: 12.36s
Slowest query: What are the category-wise percentage requirements for Ph.D. admission?
========================================================================================================================
.
=============================== warnings summary ===============================
backend/retriever.py:40
  /mnt/raid/rl_gaming/IITJ_V1_SERVER/backend/retriever.py:40: DeprecationWarning: `langchain-community` is being sunset and is no longer actively maintained. See https://github.com/langchain-ai/langchain-community/issues/674 for details and migration guidance toward standalone integration packages.
    from langchain_community.retrievers import BM25Retriever

-- Docs: https://docs.pytest.org/en/stable/how-to/capture-warnings.html
1 passed, 1 warning in 366.19s (0:06:06)
