
==============================================================================================================
RUNNING 102 STUDENT-SITUATION QUESTIONS
==============================================================================================================

--------------------------------------------------------------------------------------------------------------
[1/102] I'm planning to apply to IIT Jodhpur and want to understand which academic options fit a student interested in engineering.
Latency: 4.50s | Evidence: supported | Coverage: partially_supported | Intents: 1
ANSWER:
IIT Jodhpur offers a range of academic programs tailored for engineering enthusiasts, with a focus on interdisciplinary learning and innovation. Here’s an overview of relevant options based on the available information: ### **Core Engineering Programs** 1. **B.Tech. Mechanical Engineering** - Focuses on foundational concepts, analytical skills, and advanced topics like AI/ML, IoT, and Industry 4.0. - Emphasizes interdisciplinary problem-solving, computational methods, and ethical engineering practices. - Graduates gain expertise in thermal systems, fluid dynamics, nanomaterials, and smart computing applications. 2. **Other Engineering Programs** - The institute has adopted a new program structure alongside classical disciplines (e.g., Civil, Electrical, etc.) to address emerging opportunities in interdisciplinary fields. Specific program names and details are not listed in the retrieved context, but the curriculum emphasizes creativity, entrepreneurship, and public policy integration. ### **Unique Features** - **Interdisciplinary Innovation**: Programs combine engineering with humanities, social sciences, and technology (e.g., education technology, local engagement). - **Entrepreneurial Skills**: Courses focus on unconventional problem-solving, creative thinking, and understanding the societal impact of engineering. For precise details on other engineering branches or specialized programs, refer to the official IIT Jodhpur website. Let me know if you need further clarification!

--------------------------------------------------------------------------------------------------------------
[2/102] I'm comparing IIT Jodhpur with another institute and need the main academic strengths explained from the college information.
Latency: 0.31s | Evidence: insufficient | Coverage: insufficient | Intents: 1
ANSWER:
I'm sorry, I don't know based on the available information.

--------------------------------------------------------------------------------------------------------------
[3/102] I am still deciding whether IIT Jodhpur is suitable for my academic goals; can you help me understand the major study options available?
Latency: 0.28s | Evidence: insufficient | Coverage: insufficient | Intents: 1
ANSWER:
I'm sorry, I don't know based on the available information.

--------------------------------------------------------------------------------------------------------------
[4/102] Suppose I join IIT Jodhpur as an undergraduate and later become interested in research; which routes could I explore?
Latency: 3.89s | Evidence: supported | Coverage: partially_supported | Intents: 1
ANSWER:
If you join IIT Jodhpur as an undergraduate and later develop an interest in research, you can explore the following routes: 1. **M.S. by Research Program**: - **Eligibility**: After completing a B.Tech. (or equivalent 4-year degree) or M.Sc./M.A. (5-year degree) with a strong academic record. - **Structure**: Full-time (2–4 years) or part-time (3–5 years) options. Combines coursework (24 credits) with research-focused training. - **Focus**: Practice-based outputs, interdisciplinary collaboration, and projects addressing societal challenges like renewable systems, water scarcity, and rural–urban transitions. 2. **PhD Program**: - **Research Areas**: Interdisciplinary work in economics, policy evaluation, behavioral analysis, AI/big-data-driven approaches, and region-specific challenges (e.g., arid economies, climate adaptation). - **Collaborations**: Opportunities to work with faculty, industry partners, and international research networks. 3. **Research-Informed Teaching**: - As an undergraduate, you’ll engage with research-driven courses that blend analytical rigor with real-world applications, preparing you for advanced research. For detailed eligibility criteria for the PhD program, refer to the official sources provided in the retrieved context. The M.S. by Research program offers a direct pathway to research after your undergraduate studies.

--------------------------------------------------------------------------------------------------------------
[5/102] I'm looking for an institute where I can combine coursework with research; which options at IIT Jodhpur seem relevant?
Latency: 2.87s | Evidence: supported | Coverage: supported | Intents: 1
ANSWER:
IIT Jodhpur offers the **M.S. by Research** program, which explicitly combines **flexible coursework** (24 credits) with **simultaneous research options** tailored to student interests. This program allows students to integrate structured coursework with independent research, aligning with interdisciplinary and practice-based learning goals. For PhD candidates, while the focus is primarily research-intensive (e.g., the **PhD in Economics** emphasizes theoretical and empirical training), some programs encourage **interdisciplinary research** and collaboration with faculty and industry partners. However, these are more aligned with full-time research and may not include coursework as a core component. For detailed eligibility or program specifics, further clarification would be needed.

--------------------------------------------------------------------------------------------------------------
[6/102] As a student who prefers research-oriented study, which parts of IIT Jodhpur's academic structure should I look at first?
Latency: 4.22s | Evidence: supported | Coverage: partially_supported | Intents: 1
ANSWER:
As a student interested in research-oriented study, you should focus on the following aspects of IIT Jodhpur's academic structure: 1. **PhD Program in Economics**: - The PhD program emphasizes **interdisciplinary research** and collaboration with faculty and research groups across the institute. It integrates **global economic perspectives** with **region-specific challenges** (e.g., arid economies, renewable systems, water scarcity, climate adaptation, and sustainable development). - Research methods include **theoretical modeling, econometric analysis, AI/big-data-driven approaches, behavioral analysis, experimental methods, and policy evaluation frameworks** (, 3). 2. **Research Collaboration Opportunities**: - The program fosters partnerships with **academic institutions, think tanks, industries, government agencies, and international research networks** (). These collaborations provide access to diverse datasets and real-world problem-solving opportunities. 3. **Faculty Expertise**: - Work closely with faculty members who specialize in areas like **development economics, environmental economics, and policy analysis** (). 4. **Interdisciplinary Focus**: - The institute’s location in Rajasthan offers a unique setting for research on **desert economies and rural-urban transitions**, combining local insights with global economic theories (). For detailed eligibility criteria or application processes, refer to the official PhD guidelines linked in the retrieved context (). These resources will help you align your research interests with IIT Jodhpur’s academic offerings.

--------------------------------------------------------------------------------------------------------------
[7/102] I have not decided on a department yet; can you help me narrow down the academic areas available at IIT Jodhpur?
Latency: 4.15s | Evidence: supported | Coverage: partially_supported | Intents: 1
ANSWER:
IIT Jodhpur offers a range of academic areas with distinct research focuses. Based on the available information, here are the key departments and their specialized domains: ### **1. Department of Chemistry** - **Research Areas**: - Inorganic Chemistry - Organic Chemistry - Physical Chemistry - Material Chemistry - Computational Chemistry - Nanomaterials, spectroscopy, and catalysis - Chemical biology and biophysical chemistry - **Facilities**: Advanced instrumentation like X-ray diffractometers, NMR spectrometers, and electron microscopes. - **Collaborations**: Industrial partnerships and interdisciplinary work with technology. ### **2. Department of Economics** - **Focus**: - Interdisciplinary research combining economics with data science, engineering systems, sustainability studies, and policy analytics. - Addressing economic, environmental, and societal challenges through technology-driven solutions. - **Motto**: "Confluence of Economics, Science, and Technology for National Development." ### **3. Electronics Engineering** - **Research Themes**: - Application-driven research aligned with India’s national priorities (e.g., healthcare, defense, digital infrastructure). - Innovation, prototype development, and industry collaboration. ### **Other Opportunities** - The institute emphasizes **interdisciplinary research** across departments, fostering collaborations between fields like chemistry, economics, and engineering. - Additional departments (e.g., Computer Science, Mechanical Engineering) may also offer specialized programs, though details are not fully covered in the retrieved context. For a more tailored recommendation, consider exploring specific departments further based on your interests in chemistry, economics, engineering, or interdisciplinary innovation.

--------------------------------------------------------------------------------------------------------------
[8/102] I'm interested in engineering but also want interdisciplinary exposure; which parts of the institute could be relevant to me?
Latency: 0.28s | Evidence: insufficient | Coverage: insufficient | Intents: 1
ANSWER:
I'm sorry, I don't know based on the available information.

--------------------------------------------------------------------------------------------------------------
[9/102] Suppose I want to continue into a research degree after my bachelor's; which IIT Jodhpur pathways should I investigate?
Latency: 3.34s | Evidence: supported | Coverage: partially_supported | Intents: 1
ANSWER:
IIT Jodhpur offers the **M.S. by Research** program as a direct pathway for students with a bachelor's degree (B.Tech. or equivalent) who wish to pursue a research degree. Key details include: - **Eligibility**: A bachelor's degree (4-year program) with a strong academic record. - **Duration**: Full-time (2–4 years) or part-time (3–5 years). - **Structure**: Includes 24 credits of coursework alongside research. For PhD opportunities, the institute emphasizes interdisciplinary research in areas like **arid and desert economies, renewable systems, water scarcity, climate adaptation, and sustainable development**. While specific eligibility criteria for PhD programs are referenced in linked documents (see [PhD Eligibility](https://www.iitj.ac.in/PageImages/Gallery/05-2026/PHD-ELIGIBILITY-CRITERIA-639144389552765061.png) and [Research Areas](https://www.iitj.ac.in/PageImages/Gallery/05-2026/PhD-Research-Areas-639144391531645041.png)), the retrieved context does not provide full details. For precise eligibility and program specifics, refer to the official links or contact the Economics Department for further guidance.

--------------------------------------------------------------------------------------------------------------
[10/102] I'm trying to shortlist programs before applying, and I need a college-perspective overview rather than a generic explanation.
Latency: 0.33s | Evidence: insufficient | Coverage: insufficient | Intents: 1
ANSWER:
I'm sorry, I don't know based on the available information.

--------------------------------------------------------------------------------------------------------------
[11/102] I completed a four-year bachelor's degree with strong marks and want to apply for a regular Ph.D.; would I fit one of the published eligibility routes?
Latency: 4.57s | Evidence: supported | Coverage: supported | Intents: 2
ANSWER:
**1. I completed a four-year bachelor's degree with strong marks?** The available evidence is **partially supported** and contains **materially conflicting claims**. - For certain programs (e.g., Ph.D. sponsored/external/part-time), a four-year bachelor’s degree in engineering, science, medicine, pharmacy, agricultural science, veterinary science, design, or architecture is required. Minimum marks vary: - **70% marks** or **7.0/10 CPI/C GPA** for **GEN/OBC** (65% for **SC/ST/PD**). - **60% marks** (equivalent to first class) for **GEN/OBC/EWS** (relaxed to 5% lower for SC/ST/PD). - Conflicting claims: One document specifies **60% for GEN/OBC/EWS**, while another mentions **70% for GEN/OBC**. The exact requirement depends on the program and category, but the evidence does not clarify which applies to your case. **2. Want to apply for a regular Ph.D.; would I fit one of the published eligibility routes?** **Direct answer using supported evidence**: To qualify for the **regular Ph.D. program**, you must: - Hold a **master’s degree** in engineering, pharmacy, agricultural science, science, humanities, social sciences, management, or equivalent (e.g., MBBS with MD/MS, BVSc with MVSc, etc.) with **at least 60% marks** or **6.0/10 CPI/C GPA** for **GEN/GEN-EWS/OBC** (55% for **SC/ST**). - Not be a registered student in any other academic program or employed full-time/part-time by an organization. - Meet additional criteria like qualifying the written test/interview and submitting final documents. Note: The evidence does not explicitly confirm whether your bachelor’s degree alone qualifies for the regular Ph.D. program. The regular Ph.D. route requires a **master’s degree**, not a bachelor’s.

--------------------------------------------------------------------------------------------------------------
[12/102] My highest qualification is a four-year bachelor's degree, and I have a relevant national-level qualification; can I apply for regular Ph.D. admission?
Latency: 5.14s | Evidence: supported | Coverage: supported | Intents: 2
ANSWER:
**1. My highest qualification is a four-year bachelor's degree?** To apply for Ph.D. programs at IIT Jodhpur, your four-year bachelor's degree must meet the following criteria: - **Minimum percentage**: - **General/OBC/EWS**: 60% marks in aggregate (equivalent to first class). - **SC/ST/PD**: 65% marks in aggregate (relaxation as per Ministry of Education rules). - **Qualifying degree**: Must be in engineering, science, medicine, pharmacy, agricultural science, veterinary science, design, or architecture. - **Final-year students**: Eligible provisionally, but must submit final degree certificates within two months of joining. - **Additional requirements**: - For **regular Ph.D. admission**, you must not be enrolled in any other academic program. - For **sponsored/external/part-time Ph.D.**, a minimum of 2 years of work experience post-qualification is required. --- **2. I have a relevant national-level qualification; can I apply for regular Ph.D. admission?** Yes, but eligibility depends on your qualification type: - **Professional qualifications**: Certain national-level qualifications (e.g., MBBS with MD, BVSc with MVSc, BDS with MDS) are accepted. These require: - **Minimum percentage**: 60% marks in the bachelor’s degree (or equivalent CGPA) for General/OBC/EWS, and 55% for SC/ST. - **Bachelor’s degree**: If your qualification is a four-year bachelor’s in engineering/science, you must meet: - **Minimum percentage**: 70% marks (or 7.0/10 CPI/CGPA) for General/OBC/EWS, and 65% for SC/ST. - **Master’s degree**: Alternatively, a master’s in engineering, pharmacy, agricultural science, or related fields with 60% marks (or 6.0/10 CPI/CGPA) for General/OBC/EWS, and 55% for SC/ST. **Conflict Note**: The evidence contains conflicting claims about eligibility criteria. For example, some documents specify 70% for bachelor’s degrees, while others mention 60% for master’s degrees. Always verify the most recent guidelines from IIT Jodhpur’s official sources.

--------------------------------------------------------------------------------------------------------------
[13/102] I have a master's degree but I'm unsure whether my marks meet the regular Ph.D. requirement; how should I interpret the published criteria?
Latency: 8.06s | Evidence: supported | Coverage: supported | Intents: 1
ANSWER:
To determine if your master's degree meets the regular Ph.D. admission requirements at IIT Jodhpur, refer to the following criteria from the published guidelines: ### **Ph.D. Admission Requirements (Regular Program)** 1. **Academic Qualification**: - A **master’s degree in engineering, pharmacy, agricultural science, science, humanities, social sciences, or management** (or equivalent). - **Special cases**: Certain professional qualifications (e.g., MBBS with MD/MS, BVSc with MVSc) are also accepted. 2. **Minimum Marks/CGPA**: - **GEN/GEN-EWS/OBC**: Minimum **60% marks** or a **CGPA of 6.0/10** (on a 10-point scale). - **SC/ST/PD**: Minimum **55% marks** or a **CGPA of 5.5/10** (on a 10-point scale). 3. **Additional Notes**: - If your degree is in a **related field** (e.g., science for engineering), ensure your marks/CGPA meet the above thresholds. - For **non-10-point scales** (e.g., 8-point scale), proportional requirements apply (e.g., 4.8 for GEN/OBC, 4.4 for SC/ST). ### **How to Interpret Your Eligibility** - **Check your percentage or CGPA**: - If your marks are **≥60% (or ≥6.0 CGPA)** for GEN/OBC, or **≥55% (or ≥5.5 CGPA)** for SC/ST/PD, you meet the criteria. - If your scale differs (e.g., 8-point), convert to the 10-point equivalent using the specified proportional requirements. ### **Key Clarifications** - The requirements are **consistent across documents** (e.g., and 8 both specify 60% or 6.0 CGPA for GEN/OBC). - Ensure your degree is in a **relevant field** (e.g., engineering/science for Ph.D. programs). If you are unsure about your specific case, contact the **Ph.D. Admission Committee** for further guidance.

--------------------------------------------------------------------------------------------------------------
[14/102] My percentage is below 60% but my qualification and research background look strong; would the published regular Ph.D. criteria still allow me to apply?
Latency: 3.98s | Evidence: supported | Coverage: supported | Intents: 1
ANSWER:
The published regular Ph.D. admission criteria specify that applicants must have a master’s degree with **at least 60% marks or a CGPA of 7.0/10** (for GEN/GEN-EWS/OBC categories). For SC/ST/PD candidates, the qualifying marks are relaxed to **65% or 7.0 CGPA**. Since your percentage is below 60% and there is no mention of exceptions for strong research backgrounds in the eligibility criteria, you may not meet the published minimum requirements for the regular Ph.D. program. However, the context notes that **CETE may apply higher performance criteria** if applications are exceptionally competitive. For precise guidance, you should review the official eligibility rules or contact the PhD Program Coordinator (pgcconvener@cete.iitj.ac.in) for clarification.

--------------------------------------------------------------------------------------------------------------
[15/102] I fall under an SC/ST/PD category and am checking my Ph.D. eligibility; which relaxation should I consider from the published rules?
Latency: 4.17s | Evidence: supported | Coverage: supported | Intents: 1
ANSWER:
The eligibility relaxation for SC/ST/PD candidates in Ph.D. programs, as per the retrieved documents, contains **conflicting claims**: 1. **** states: - For **master’s degree holders** (e.g., M.Sc., M.Tech.), SC/ST candidates require **55% marks** (or equivalent CPI/CGPA). - For **bachelor’s degree holders** (e.g., B.Tech., B.Sc.), SC/ST/PD candidates require **55% marks** (or equivalent CPI/CGPA). 2. **Documents 2, 3, 6, and 7** state: - For **bachelor’s degree holders** (e.g., B.Tech., B.Sc.), SC/ST/PD candidates require **65% marks** (or equivalent CPI/CGPA). ### Key Conflict: - **Master’s degree holders**: 55% (SC/ST) vs. 65% (SC/ST/PD) for bachelor’s degree holders. - **Bachelor’s degree holders**: 55% (SC/ST/PD) vs. 65% (SC/ST/PD) in some documents. ### Resolution: The **Ministry of Education rules** (mentioned in Documents 3 and 6) are the authoritative source for relaxation percentages. However, the retrieved context does not specify the exact Ministry guidelines. For precise eligibility, you should: 1. Refer to the **latest Ministry of Education norms** for SC/ST/PD relaxation. 2. Check the **official IIT Jodhpur Ph.D. admission guidelines** (contact: [pgcconvener@cete.iitj.ac.in](mailto:pgcconvener@cete.iitj.ac.in)) for clarification. The conflict in the retrieved documents underscores the need to verify with official sources for accurate eligibility criteria.

--------------------------------------------------------------------------------------------------------------
[16/102] I have a four-year B.Tech and no master's degree; can the bachelor's route still make me eligible for a regular Ph.D.?
Latency: 3.88s | Evidence: supported | Coverage: supported | Intents: 1
ANSWER:
Yes, the bachelor's route is eligible for a regular Ph.D. at IIT Jodhpur **if you meet the required academic criteria**. According to the retrieved context: - **Qualifying Degree**: A **four-year Bachelor’s degree in engineering or science** (e.g., B.Tech) is acceptable for Ph.D. admission. - **Minimum Marks**: - **GEN/GEN-EWS/OBC**: At least **70% marks** (or 7.0/10 CPI/C GPA). - **SC/ST/PD**: At least **65% marks** (or 6.5/10 CPI/C GPA). - **Additional Conditions**: - You must **not be enrolled in any other academic program** (India or abroad) or employed as a **full-time/part-time employee** of an organization (per ). Note: The bachelor's route does not require a Master’s degree, but you must satisfy the percentage criteria and other eligibility rules. For precise details, refer to the official Ph.D. admission guidelines.

--------------------------------------------------------------------------------------------------------------
[17/102] I have not taken GATE yet and I'm considering regular Ph.D. admission; should I treat GATE as universally mandatory?
Latency: 6.44s | Evidence: supported | Coverage: supported | Intents: 1
ANSWER:
The retrieved evidence indicates that **GATE is not universally mandatory** for regular Ph.D. admission at IIT Jodhpur. Here's the clarification based on the provided documents: 1. **Exemption for GATE**: - and mention that **students may be exempt from GATE** under specific conditions, such as: - Being an **exceptional regular full-time candidate** with a valid **UGC-NET** qualification. - Holding a **full-time postgraduate degree of two years or more** from an **Institute of National Importance (INI)**. - These exemptions are explicitly stated in the context, but **no document confirms that GATE is a mandatory requirement** for regular Ph.D. admission. 2. **Eligibility Criteria**: - Regular Ph.D. admission requires a **master’s degree** (or equivalent professional qualifications like MBBS with MD) with minimum percentage thresholds (60% for GEN/GEN-EWS/OBC, 55% for SC/ST). - **GATE is not explicitly listed as a mandatory criterion** for these eligibility routes. 3. **Conflict in Interpretation**: - While some documents (e.g., ) list admission categories (including regular full-time), **none state that GATE is universally required** for regular admission. - The mention of GATE exemptions () suggests that **it is not a blanket requirement**. ### Conclusion: You **should not treat GATE as universally mandatory** for regular Ph.D. admission. However, if you qualify for exemptions (e.g., UGC-NET, INI postgraduate degree), you may bypass GATE. For precise guidance, refer to the official fee structure and admission regulations on [IIT Jodhpur's website](https://www.iitj.ac.in/office-of-academics/en/academic-regulations).

--------------------------------------------------------------------------------------------------------------
[18/102] My bachelor's degree is four years long but my field is different from the department I want to join; how should I judge my eligibility from the stated rules?
Latency: 4.18s | Evidence: supported | Coverage: supported | Intents: 1
ANSWER:
To assess your eligibility for a program at IIT Jodhpur, consider the following based on the stated rules: 1. **Eligibility Criteria for Programs**: - For most undergraduate programs (e.g., B.S. in Engineering Physics), the eligibility typically requires a **four-year bachelor’s degree in a relevant field** (e.g., engineering, science, or equivalent). If your field is not explicitly listed as acceptable, you may need to check if your program aligns with the department’s interdisciplinary or specialized requirements. 2. **Special Cases or Exceptions**: - If your field is outside the standard categories (e.g., humanities, social sciences), you may need to: - **Contact the relevant department** (e.g., Physics, Engineering) directly to confirm if your background is acceptable. 3. **Ph.D. Eligibility (if applicable)**: - For Ph.D. programs, the rules state that candidates with a **four-year bachelor’s degree** in engineering/science (or equivalent) are eligible, provided they meet percentage/CPI thresholds (e.g., 70% for GEN/OBC-NCL, 65% for SC/ST/PD). 4. **Next Steps**: - Review the **specific eligibility criteria** for the department/program you are interested in. - If unsure, reach out to the **Physics Office** (office_physics@iitj.ac.in) or the **Admissions Team** for guidance. Always ensure your academic background meets the **minimum requirements** (e.g., four-year degree, percentage thresholds) and aligns with the program’s interdisciplinary or specialized focus.

--------------------------------------------------------------------------------------------------------------
[19/102] I already work full-time and want to pursue a regular Ph.D.; would the employment restriction affect my application?
Latency: 3.38s | Evidence: supported | Coverage: supported | Intents: 1
ANSWER:
The employment restriction for regular Ph.D. programs at IIT Jodhpur is explicitly mentioned in ****, which states: > "Candidates admitted in this category [regular Ph.D.] shall not be a full-time or part-time employee of any organization..." However, **** mentions part-time Ph.D. programs, stating: > "Part-time students are working professionals, often employed by external organizations..." This creates a conflict in the evidence: 1. **Regular Ph.D. programs** explicitly prohibit employment (per ). 2. **Part-time Ph.D. programs** allow working professionals (per ). Since your question specifies a **regular Ph.D.**, the employment restriction applies, and full-time employment would disqualify you from applying to the regular program. The conflict between the documents highlights ambiguity in the rules for part-time vs. regular admissions, but the explicit restriction for regular candidates takes precedence. For clarity, you may need to confirm with the institute’s admissions office whether exceptions exist for specific cases.

--------------------------------------------------------------------------------------------------------------
[20/102] I am enrolled in another academic program while considering a regular Ph.D.; could concurrent enrollment become a problem?
Latency: 5.55s | Evidence: supported | Coverage: partially_supported | Intents: 1
ANSWER:
The available information does not specifically address whether concurrent enrollment in another academic program while pursuing a regular Ph.D. at IIT Jodhpur would be problematic. The retrieved context focuses on admission requirements, program structures (e.g., full-time vs. part-time Ph.D. programs), eligibility criteria, and placement opportunities but does not mention policies regarding holding multiple enrollments simultaneously. Since the evidence does not clarify this scenario, it is recommended to consult the Institute's official guidelines or academic authorities for precise details on concurrent enrollment policies.

--------------------------------------------------------------------------------------------------------------
[21/102] My qualification seems to fit the four-year bachelor's route, but I'm unsure whether the financial-assistance rule and admission rule are actually the same thing.
Latency: 3.75s | Evidence: supported | Coverage: supported | Intents: 1
ANSWER:
The financial-assistance rule and admission rule are distinct concepts, as evidenced by the retrieved documents. Here's the clarification: 1. **Admission Rules** - Admission to undergraduate/PhD programs depends on academic eligibility (e.g., minimum CGPA/percentage in qualifying degrees, CAT scores, etc.) and procedural requirements (e.g., document submission, fee payments). - For SC/ST/PwD candidates, eligibility criteria are relaxed by 5% (for percentages) or 0.5 points (on a 10-point scale) []. - Provisional admission may be canceled if candidates fail to meet qualifying degree requirements []. 2. **Financial-Assistance Rules** - Eligibility for financial assistance (e.g., for PhD candidates) is separate from admission criteria. It mentions exceptions like UGC-NET scores or postgraduate degrees from INIs but explicitly states that eligibility does **not guarantee** financial assistance []. - Financial assistance is not tied to admission rules in the retrieved context. **Conflict Note**: The documents do not explicitly link financial-assistance eligibility to admission criteria. While both involve eligibility criteria, they serve different purposes (admission vs. financial support). The retrieved evidence does not resolve whether financial-assistance rules are a subset of admission rules, as this relationship is not explicitly stated. For precise details, refer to the official guidelines on [academic regulations](https://www.iitj.ac.in/office-of-academics/en/academic-regulations) and [fee structures](https://www.iitj.ac.in/office-of-academics/en/academic-regulations#top10.5%20Cancellation%20of%20Admission).

--------------------------------------------------------------------------------------------------------------
[22/102] I want to know whether the regular Ph.D. rules I found for one school should automatically be treated as the rules for every school.
Latency: 3.59s | Evidence: supported | Coverage: partially_supported | Intents: 1
ANSWER:
The provided evidence does not address whether Ph.D. rules from one institution (e.g., IIT Jodhpur) apply universally to all schools or institutions. The retrieved documents exclusively discuss **IIT Jodhpur's internal regulations**, such as eligibility criteria, credit requirements, attendance rules, and program-specific guidelines (e.g., M.S. by Research, M.Tech. in AR & VR, and Ph.D. transitions). There is **no conflicting evidence** about rules across different institutions, as the context is limited to IIT Jodhpur's academic framework. Therefore, the question about applying rules to "every school" cannot be answered based on the provided information. **Conclusion:** The evidence is **partially supported** but does not cover rules for other institutions. The answer must explicitly state this limitation.

--------------------------------------------------------------------------------------------------------------
[23/102] I have a bachelor's degree and I'm preparing for regular M.Tech. admission; which academic conditions should I verify first?
Latency: 4.20s | Evidence: supported | Coverage: supported | Intents: 2
ANSWER:
**1. I have a bachelor's degree?** The available evidence partially supports this. To be eligible for programs like M.Tech. or Ph.D., your bachelor’s degree must meet specific criteria: - It must be a minimum of three years of education following 10+2 or its equivalent. - Final-year students are eligible to apply provisionally but must submit proof of degree completion within two months of joining. - Minimum percentage requirements vary by category (e.g., 60% for GEN/OBC, 55% for SC/ST) or equivalent CGPA (e.g., 6.0 for GEN/OBC, 5.5 for SC/ST). - The degree must be in engineering, science, medicine, pharmacy, agricultural science, veterinary science, or a related field. **Note:** The evidence does not cover all program-specific requirements or exceptions. --- **2. I'm preparing for regular M.Tech. admission; which academic conditions should I verify first?** For regular M.Tech. admission, verify the following: - **Qualifying degree**: A bachelor’s degree in engineering, science (4-year program), or a master’s degree in science, MCA, pharmacy, medical sciences, agricultural sciences, veterinary sciences, or related fields. - **Minimum percentage**: 60% for GEN/OBC (55% for SC/ST) in aggregate or equivalent CGPA (6.0 for GEN/OBC, 5.5 for SC/ST). - **Admission route**: You must qualify via GATE, an equivalent national exam, or a written test/interview conducted by IIT Jodhpur. - **Work experience**: For sponsored/external/part-time programs, at least two years of work experience in industry/R&D labs/academic institutions is required. Ensure your academic credentials meet these criteria before applying.

--------------------------------------------------------------------------------------------------------------
[24/102] My undergraduate score is close to the published M.Tech. threshold, and I want to know whether I should still consider applying.
Latency: 4.68s | Evidence: supported | Coverage: partially_supported | Intents: 1
ANSWER:
Based on the retrieved information, here's guidance for your situation: **Admission Requirements for M.Tech. (Regular):** - **Minimum academic criteria:** A bachelor’s degree in engineering/science (4-year program) with: - **GEN/OBC:** 60% aggregate marks (or 6.0 CGPA on a 10-scale) - **SC/ST:** 55% aggregate marks (or 5.5 CGPA on a 10-scale) - Equivalent first-class or proportional requirements for other grading scales (e.g., 4.8 CGPA for GEN/OBC on an 8-scale). - **Alternative pathways:** If your score is close to the threshold, consider other admission routes: - **GATE score** (valid as per MHRD guidelines). - **JAM qualification** (for M.Sc.-M.Tech. Dual Degree programs). - **Written test/interview** conducted by IIT Jodhpur (applicable for specific programs like MTech Executive/Part-time). **Key Considerations:** 1. **Threshold proximity:** If your score is near the 60% (GEN/OBC) or 55% (SC/ST) cutoff, you may still qualify through the written test/interview process, which is explicitly mentioned as an admission avenue. 2. **Provisional admission:** If you meet the criteria, you can apply. However, ensure you submit all required documents (mark sheets, certificates, etc.) by the deadline to avoid cancellation of admission. 3. **Other programs:** If M.Tech. regular admission is uncertain, explore other programs like the **M.Sc.-M.Tech. Dual Degree** or **Ph.D. Dual Degree** programs, which have similar eligibility criteria. **Recommendation:** Apply if you meet any of the stated criteria (percentage, GATE, JAM, or interview). Even if your score is slightly below the threshold, the written test/interview might provide an opportunity. Always verify the exact cutoff for your category (GEN/OBC/SC/ST) and ensure document submission to avoid admission cancellation. For precise details, refer to the official admission guidelines on [IIT Jodhpur's website](https://www.iitj.ac.in/).

--------------------------------------------------------------------------------------------------------------
[25/102] I am deciding between postgraduate study options and need to know whether IIT Jodhpur has an M.S. by Research route that might suit me.
Latency: 3.62s | Evidence: supported | Coverage: partially_supported | Intents: 1
ANSWER:
IIT Jodhpur offers an **M.S. by Research** program designed for students seeking a research-oriented postgraduate experience. Here are the key details based on the available information: ### Program Structure - **Eligibility**: Open to candidates with a **Bachelor's (B.Tech. or equivalent, 4 years)** or **Master's (M.A./M.Sc., 5 years)** degree, with a strong academic record. - **Duration**: - **Full-time**: 2–4 years. - **Part-time**: 3–5 years. - **Coursework**: 24 credits, combined with research work tailored to student interests. ### Unique Features - **Interdisciplinary Collaboration**: Encourages collaborative projects across disciplines and partnerships with industries, government agencies, and international research networks. - **Flexibility**: Offers flexible coursework and options for simultaneous research, allowing students to align their studies with personal or professional goals. - **Practice-Based Outputs**: Focuses on creating new art forms, entrepreneurial ventures, and solutions for inclusivity and livelihood generation for disenfranchised artisans. ### Location-Specific Focus While the program emphasizes global economic perspectives, its location in Rajasthan provides a unique context for research on **arid and desert economies**, **renewable systems**, **water scarcity**, and **sustainable development**. This program is distinct from the PhD offerings, which emphasize independent research and interdisciplinary collaboration (as detailed in other documents). Let me know if you need further clarification!

--------------------------------------------------------------------------------------------------------------
[26/102] I prefer research over a purely coursework-based path; would an M.S. by Research option be relevant at IIT Jodhpur?
Latency: 3.06s | Evidence: supported | Coverage: partially_supported | Intents: 1
ANSWER:
The **M.S. by Research** program at IIT Jodhpur is designed with a strong research focus, making it relevant for your preference over a purely coursework-based path. Key features include: - **Research-Oriented Structure**: The program emphasizes practice-based outputs, interdisciplinary collaboration, and flexible coursework tailored to student interests, allowing simultaneous research engagement. - **Duration**: Full-time (2–4 years) or part-time (3–5 years), offering flexibility to balance research and coursework. - **Eligibility**: Open to candidates with a Bachelor’s (B.Tech. or equivalent) or Master’s (M.A./M.Sc.) degree with a strong academic record. While the retrieved context highlights the program’s alignment with research, it does not specify details about the exact research topics or faculty supervision. For further clarity, you may explore the official PhD research areas or contact the institute directly for program-specific guidance.

--------------------------------------------------------------------------------------------------------------
[27/102] My interests are split between coursework and research, and I'm comparing M.Tech. with research-oriented study; which published programs should I examine?
Latency: 4.99s | Evidence: supported | Coverage: supported | Intents: 2
ANSWER:
**1. My interests are split between coursework and research?** The **M.S. by Research** program at IIT Jodhpur aligns with your interests: - **Credit Requirements**: Students must complete **24 credits through coursework** and **36 credits through research**. - **Program Duration**: Full-time students complete the program in **2–4 years** (minimum to maximum), while part-time students take **3–5 years**. - **Semester Registration**: Full-time students can register for **6–16 credits per semester**, and part-time students for **3–12 credits**. - **Ph.D. Upgrade**: The M.S. by Research degree can be upgraded to a Ph.D. based on a CGPA (>7.5) and progress after 3 semesters, provided the student meets Ph.D. requirements. --- **2. I'm comparing M.Tech. with research-oriented study; which published programs should I examine?** For M.Tech. programs with research-oriented focus, consider the following published programs: - **M.Tech. in Quantum Technologies**: Open to B.Tech./B.E./M.Tech. in CSE, EE, Data Science, ECE, Materials Engineering, or M.Sc. in Physics, Chemistry, Mathematics, or Computer Science. Focuses on quantum information and computation. - **Self-Sponsored M.Tech. in Mechanical Engineering**: Offers specializations in **Thermofluids (TFE)** and **Advanced Manufacturing and Design (AMD)**. Includes syllabi, admission tests, and reporting details for the written exam. - **Doctoral Programs in Materials Engineering**: Available for both B.Tech. and M.Tech. graduates, with research areas like nanomaterials, catalysis, and energy remediation. - **M.Tech. in Materials Engineering**: Emphasizes experimental techniques, computational skills, and specialization in four focus areas. For detailed program structures and eligibility, refer to the official URLs provided in the evidence.

--------------------------------------------------------------------------------------------------------------
[28/102] I have a bachelor's degree but my background is not in the exact specialization I want; which eligibility details should I check before applying for M.Tech.?
Latency: 5.34s | Evidence: supported | Coverage: supported | Intents: 1
ANSWER:
To apply for an M.Tech. program at IIT Jodhpur with a bachelor's degree in a non-matching specialization, you should verify the following eligibility criteria based on the available information: 1. **Admission Routes**: - Qualify through the **Joint Admission Test for Master's (JAM)** organized by IITs. - Alternatively, qualify via a **written test and/or interview** conducted by IIT Jodhpur (specific to the program). 2. **Academic Requirements**: - Minimum **60% marks** in aggregate (or equivalent CGPA) for **GEN/OBC** categories, and **55% marks** (or CGPA 5.5) for **SC/ST** categories. - For programs requiring a master’s degree (e.g., Executive/Part-time), a **bachelor’s degree in engineering/science (4-year program)** or a master’s degree in a related field is mandatory. 3. **Specialization Flexibility**: - If your background does not match the target specialization, you may still apply via the **written test and interview** process. This route is explicitly mentioned for self-sponsored M.Tech. programs (e.g., Thermofluids, Advanced Manufacturing and Design). 4. **Additional Notes**: - For some programs, **work experience** (minimum 2 years post-qualification) may be required, but this depends on the specific admission category. - Ensure your qualifying degree meets the **minimum four-year duration** in engineering, science, or a related field. For precise details, refer to the program-specific syllabus and admission guidelines provided by IIT Jodhpur.

--------------------------------------------------------------------------------------------------------------
[29/102] I'm planning postgraduate study and need to understand whether the school-specific program information changes the general institute-level rules.
Latency: 0.35s | Evidence: insufficient | Coverage: insufficient | Intents: 1
ANSWER:
I'm sorry, I don't know based on the available information.

--------------------------------------------------------------------------------------------------------------
[30/102] I am interested in an M.Sc. path rather than engineering postgraduate study; which options at IIT Jodhpur should I look into?
Latency: 3.32s | Evidence: supported | Coverage: supported | Intents: 1
ANSWER:
IIT Jodhpur offers the following **M.Sc. programs** for postgraduate study, distinct from engineering pathways: ### **M.Sc. Programs** 1. **M.Sc. (Digital Humanities)** 2. **M.Sc. (Computational Social Science)** ### **Admission Criteria** - **Eligibility**: A bachelor’s degree in a relevant discipline (3- or 4-year program) with a strong academic record. - **Admission Routes**: - **JAM Score**: Qualified candidates through the Joint Admission Test for Master’s (JAM) organized by IITs. - **Institute Conducted Test/Interview**: Applicants may be admitted based on a written test and/or interview conducted by IIT Jodhpur. ### **Program Structure** - **Duration**: Full-time (2–4 years) or part-time (3–5 years). - **Curriculum**: - Core courses in foundational mathematics and specialized electives. - Research-oriented summer internships at reputed institutions/industries. - Thesis work spanning the final two semesters, focusing on real-world problem-solving. For detailed admissions guidelines, visit the official admissions page: [Admission to Postgraduate Programs](https://www.iitj.ac.in/admission-postgraduate-programs/en/Admission-to-Postgraduate-Programs).

--------------------------------------------------------------------------------------------------------------
[31/102] My goal is eventually a Ph.D., so I'm choosing a postgraduate route now; which IIT Jodhpur options could support that direction?
Latency: 2.47s | Evidence: supported | Coverage: partially_supported | Intents: 1
ANSWER:
IIT Jodhpur offers a **PhD in Economics** as a research-intensive four-year doctoral program designed to develop globally competitive researchers and policy professionals. This program integrates rigorous theoretical and empirical training with interdisciplinary approaches to contemporary economics, focusing on challenges like climate change, digitalisation, and technological disruption. For postgraduate pathways leading to a PhD, the retrieved context specifically highlights the **PhD in Economics** as the direct option. However, no other postgraduate programs (e.g., M.Sc. or M.Tech) explicitly mentioned in the provided documents are detailed as precursors to a PhD. For comprehensive guidance on postgraduate routes, further inquiry into the institute’s official program listings would be recommended.

--------------------------------------------------------------------------------------------------------------
[32/102] I want to avoid applying to a program whose eligibility I do not meet; can you help me verify the relevant postgraduate requirements from the college information?
Latency: 3.86s | Evidence: supported | Coverage: supported | Intents: 1
ANSWER:
The retrieved context contains conflicting claims regarding postgraduate eligibility requirements. Here are the supported details: ### **Eligibility Criteria for Postgraduate Programs** 1. **Qualifying Degree**: - A minimum of a Bachelor’s degree (or equivalent) from a recognized university in India, with a minimum of **70% marks** (or **7.0 CGPA on a 10-point scale**) for **General/GEN-EWS/OBC** categories. - **SC/ST/PD candidates** are eligible for a **5% relaxation**, requiring **65% marks** (or equivalent CGPA). 2. **Relaxation for SC/ST/PD Candidates**: - The relaxation in qualifying degree marks is governed by **Ministry of Education rules**. 3. **Provisional Admission**: - Candidates may be admitted provisionally but must submit final documents (e.g., mark sheets, provisional certificates) within two months of joining. Failure to meet requirements may result in cancellation of candidature. ### **Conflicting Information** - **** mentions a **6.0 CGPA** requirement for General/OBC/EWS, while **** specifies **7.0 CGPA** for the same categories. This discrepancy requires clarification from official sources. ### **Recommendation** For precise and up-to-date requirements, refer directly to IIT Jodhpur’s official guidelines: [Academic Regulations](https://www.iitj.ac.in/office-of-academics/en/academic-regulations) Always verify category-specific criteria (e.g., SC/ST/PD) and ensure alignment with the program’s exact eligibility rules.

--------------------------------------------------------------------------------------------------------------
[33/102] I am interested in Electrical Engineering and want to know which academic and research opportunities could fit me there.
Latency: 3.80s | Evidence: supported | Coverage: partially_supported | Intents: 1
ANSWER:
IIT Jodhpur’s Electrical Engineering program offers diverse academic and research opportunities, including: ### **Academic Focus Areas** - **Core Engineering**: VLSI systems, analog/mixed-signal circuits, communication protocols, and RF energy harvesting. - **Emerging Technologies**: IoT signal processing (predictive maintenance, digital twins), chipless RFID, and CMOS image sensors. - **Interdisciplinary Fields**: Visual computing (computer vision, machine learning), sociodigital reality (AR/VR, haptics), and speech/language analysis. ### **Research Opportunities** 1. **Semiconductor Materials & Devices**: - 2D materials (MoS₂, AlGaN/GaN HEMTs), bandgap engineering, and surface studies. - Oxide metal semiconductors for sensor applications. 2. **Communication Systems**: - MIMO communications, optical wireless networks, and millimeter-wave antennas for 5G. - Security enhancement in optical wireless communications. 3. **Power Systems & Control**: - Microgrid control, demand-side management, and dynamics of distributed generation. - Robust/optimal control, adaptive control, and robotics. 4. **Sensors & Mechatronics**: - Condition monitoring, mechatronics, and cyber-physical systems. - Flexible electronics and organic field-effect transistors (FETs). These areas combine theoretical research with practical applications, supported by advanced labs and simulation tools. For specific details on labs or faculty expertise, further inquiry into the department’s official resources would be helpful.

--------------------------------------------------------------------------------------------------------------
[34/102] I want to study in Electrical Engineering but my main interest is VLSI; which research directions at IIT Jodhpur should I investigate?
Latency: 3.59s | Evidence: supported | Coverage: partially_supported | Intents: 1
ANSWER:
IIT Jodhpur's Electrical Engineering program offers several research directions aligned with VLSI (Very Large-Scale Integration) interests. Based on the available information, you should investigate the following areas: 1. **High-speed VLSI Systems and EDA tools** Focuses on advanced VLSI design and electronic design automation (EDA) for high-speed systems. 2. **Device Simulation: New and Unconventional Devices** Involves modeling and simulation of novel semiconductor devices, which is critical for VLSI innovation. 3. **Compact Modeling for Circuit Simulations** Develops compact models for circuit design, essential for optimizing VLSI performance. 4. **Analog and Mixed-Signal Circuits** Covers design and analysis of analog/mixed-signal circuits, a core component of VLSI systems. These areas directly tie to VLSI design, simulation, and application. For precise details on ongoing projects or faculty expertise, further inquiry into the department’s research publications or faculty profiles would be helpful.

--------------------------------------------------------------------------------------------------------------
[35/102] My interest is robotics and control, and I'm considering Electrical Engineering; which research areas line up with that goal?
Latency: 0.47s | Evidence: supported | Coverage: insufficient | Intents: 1
ANSWER:
I'm sorry, I don't know based on the available information.

--------------------------------------------------------------------------------------------------------------
[36/102] I want to work on communication systems during higher studies; which research directions at IIT Jodhpur should I explore?
Latency: 4.11s | Evidence: supported | Coverage: partially_supported | Intents: 1
ANSWER:
IIT Jodhpur offers several research directions in communication systems under its **Electrical Engineering** department, which align with your interests. Here are the relevant areas: ### **Research Directions in Communication Systems** 1. **Optical Wireless Communications** - Focus: Performance improvement and security in optical wireless systems. - Applications: High-speed data transmission, secure communication protocols. 2. **Millimeterwave Antennas and Circuits for 5G** - Focus: Design and optimization of antennas and circuits for 5G applications. - Applications: Enhanced connectivity, low-latency communication. 3. **Communication Protocols for RF Energy Harvesting** - Focus: Developing protocols for energy-efficient communication systems using RF energy harvesting. - Applications: Sustainable IoT and wireless sensor networks. 4. **Chipless RFID and IoT Signal Processing** - Focus: Signal processing techniques for chipless RFID systems and IoT applications. - Applications: Predictive maintenance, digital twins, and communication in IoT ecosystems. 5. **Visual Computing and Sociodigital Reality** - Focus: Integration of communication systems with AR/VR, haptics, and speech analysis. - Applications: Immersive communication technologies and human-computer interaction. ### **Interdisciplinary Opportunities** - Collaborations with industries, think tanks, and international research networks provide real-world problem-solving opportunities. - Use of **AI, big data, and machine learning** frameworks for innovative research in communication systems. ### **Methodologies** - Theoretical modeling, **econometric methods**, and **experimental approaches** are encouraged for original research. For detailed guidance, explore the [IIT Jodhpur Research portal](https://www.iitj.ac.in/research) to connect with faculty and research groups.

--------------------------------------------------------------------------------------------------------------
[37/102] I'm interested in power systems and renewable integration; which part of the Electrical Engineering research landscape seems closest to that?
Latency: 3.49s | Evidence: supported | Coverage: partially_supported | Intents: 1
ANSWER:
The Electrical Engineering research landscape at IIT Jodhpur includes **Power-Engineering** and the **M.Tech. in Energy Engineering** program, which align closely with your interests in power systems and renewable integration. 1. **Power-Engineering**: - Focuses on traditional power systems, renewable energy integration, and advanced power generation technologies. - Research areas include **hydrogen and alternative energy carriers**, **energy storage technologies**, and **distributed energy systems** (). 2. **M.Tech. in Energy Engineering**: - Specifically designed for interdisciplinary training in **renewable and conventional power generation**, **smart grids**, **digital energy systems**, and **AI/ML-enabled data analytics** (). - Emphasizes **interdisciplinary coursework**, **computational modeling**, and **industry-linked research** to address modern energy challenges (). For deeper insights, you may explore the [Power-Engineering department page](https://www.iitj.ac.in/Electrical-Engineering/en/Power-Engineering) and the [Energy Engineering program details](https://www.iitj.ac.in/Electrical-Engineering/en/M.Tech.-in-Energy-Engineering).

--------------------------------------------------------------------------------------------------------------
[38/102] I enjoy signal processing and embedded systems and want to see whether IIT Jodhpur has related research work.
Latency: 3.22s | Evidence: supported | Coverage: partially_supported | Intents: 1
ANSWER:
IIT Jodhpur has research opportunities aligned with your interests in **signal processing** and **embedded systems**. Here are relevant areas from the institute's research work: ### **Signal Processing-Related Research** 1. **Signal Processing for IoT**: Includes predictive maintenance, digital twins, and communication applications. 2. **Chipless RFID**: Focuses on signal processing for IoT and wireless communication. 3. **Visual Computing**: Involves computer vision, visual forensics, and machine learning techniques. 4. **Analog and Mixed-Signal Circuits**: Design and characterization of circuits for signal processing applications. 5. **Communication Protocols**: Development of protocols for RF energy harvesting-based systems. ### **Embedded Systems-Related Research** 1. **High-Speed VLSI Systems**: Design and tools for very-large-scale integration in embedded applications. 2. **CMOS Image Sensors**: Development of sensors for embedded imaging systems. 3. **Analog and Mixed-Signal Circuits**: Critical for embedded system hardware design. 4. **Microgrid Control and Dynamics**: Involves embedded systems for energy management. 5. **Adaptive Control & Robotics**: Embedded control systems for robotics applications. These areas are part of the Electrical Engineering department's research initiatives.

--------------------------------------------------------------------------------------------------------------
[39/102] I'm considering the School of Artificial Intelligence and Data Science; which academic options there should I compare before applying?
Latency: 4.71s | Evidence: supported | Coverage: partially_supported | Intents: 1
ANSWER:
The School of Artificial Intelligence and Data Science (AIDE) at IIT Jodhpur offers several academic programs, and you should consider comparing the following options before applying: ### **1. Undergraduate & Postgraduate Programs** - **Minor Programs in AI and DS**: Designed for B.Tech students to gain foundational knowledge in AI and data science through coursework, projects, and experiential learning. - **Master of Technology (M.Tech)**: A postgraduate program focused on advanced AI and data science concepts, preparing students for leadership roles in these fields. - **M.S. (by Research)**: Offered by the Centre of Excellence on Brain Science and Applications (CBSA), this program emphasizes research-oriented learning. - **Ph.D. Programs**: Available in AI and Data Science, with eligibility requiring a master’s degree (60% or 6.0 CGPA) or equivalent. ### **2. Executive & Professional Programs** - **Executive Programs**: Part-time/online programs for working professionals, offering specialized training in AI and DS, cross-disciplinary skills, and add-on certifications for students in other disciplines. ### **3. Research & Internship Opportunities** - **Internship Program**: Industry-sponsored projects, research collaborations, and hands-on experience in real-world AI/DS applications. - **Postdoc Positions**: Available in specific disciplines and interdisciplinary areas, as well as project-specific roles. ### **Conflict Note** There is a discrepancy in eligibility criteria for Ph.D. programs: - **** states a master’s degree with **60% or 6.0 CGPA**. - **** mentions a bachelor’s degree with **70% or 7.0 CPI** (for GEN/OBC) and **65% for SC/ST/PD**. For precise eligibility details, refer to the official admissions page: [IIT Jodhpur Admissions](https://iitj.ac.in/academics/misc.php?id=advertisements). Let me know if you need further clarification!

--------------------------------------------------------------------------------------------------------------
[40/102] I am interested in management as well as technology and want to understand which school-level options could fit that combination.
Latency: 0.31s | Evidence: insufficient | Coverage: insufficient | Intents: 1
ANSWER:
I'm sorry, I don't know based on the available information.

--------------------------------------------------------------------------------------------------------------
[41/102] My goal is to choose a department first and then identify a suitable research topic; can you help me reason from the available institute information?
Latency: 3.59s | Evidence: supported | Coverage: supported | Intents: 2
ANSWER:
**1. My goal is to choose a department first?** The available evidence partially supports this request. The Chemistry department offers PhD programs in areas like Computational Molecular Biophysics, Nanomaterials, Catalysis, and Environmental Chemistry, with a focus on interdisciplinary research and societal impact. The Economics department emphasizes policy analysis, computational economics, and region-specific studies (e.g., arid economies, climate adaptation). However, this information does not cover all departments or their full range of programs. **2. then identify a suitable research topic; can you help me reason from the available institute information?** The available evidence partially supports this request. For research topics, the PhD program in Electrical Engineering highlights areas such as RF/Microwaves, Signal Processing, and interdisciplinary collaborations with industry/academia. The Economics PhD program focuses on computational economics, climate economics, and policy evaluation. These examples are limited to specific departments and do not represent the entire institute’s research scope. Further details would require consulting department-specific resources.

--------------------------------------------------------------------------------------------------------------
[42/102] I am undecided between two schools and want a college-perspective comparison based only on their published academic scope.
Latency: 0.30s | Evidence: insufficient | Coverage: insufficient | Intents: 1
ANSWER:
I'm sorry, I don't know based on the available information.

--------------------------------------------------------------------------------------------------------------
[43/102] I want to know whether a program listed by one school can safely be assumed to exist across the whole institute.
Latency: 0.32s | Evidence: insufficient | Coverage: insufficient | Intents: 1
ANSWER:
I'm sorry, I don't know based on the available information.

--------------------------------------------------------------------------------------------------------------
[44/102] I'm choosing a department based on research opportunities rather than rankings; which published information should I prioritize?
Latency: 5.27s | Evidence: supported | Coverage: partially_supported | Intents: 1
ANSWER:
To prioritize research opportunities, focus on the following published information from the Department of Economics and Chemistry at IIT Jodhpur: ### **Department of Economics** 1. **Research Themes**: - Interdisciplinary and technology-driven research addressing economic, environmental, and societal challenges (e.g., data science integration, sustainability studies, policy analytics). - Thematic areas include **development economics, trade, finance, public policy, and climate economics** (, 8). 2. **Applied Orientation**: - Emphasis on translating research into real-world solutions via consultancy, policy advisory, and capacity-building initiatives (, 8). 3. **Faculty Expertise**: - Faculty expertise spans **computational economics, environmental economics, and public policy** (). 4. **Program-Specific Details**: - PhD program focuses on advanced training for independent research (). - Link to faculty research pages for detailed insights: [Department of Economics Research Page](https://www.iitj.ac.in/economics/en/our-research) (). --- ### **Department of Chemistry** 1. **Research Areas**: - Broad thematic expertise includes **Computational Molecular Biophysics, Nanomaterials, Catalysis for Energy, Environmental Remediation, and Biofuels** (). - Ph.D. programs emphasize **fundamental and applied research** in chemical disciplines (). 2. **Interdisciplinary Collaboration**: - Offers courses and research opportunities aligned with **materials engineering, sustainability, and advanced materials chemistry** (). 3. **Program-Specific Details**: - Ph.D. students have flexibility in choosing research topics and courses (). --- ### **General Prioritization Tips** - **Research Themes**: Look for departments explicitly outlining their **broad thematic areas** (e.g., for Economics, for Chemistry). - **Applied Impact**: Prioritize departments emphasizing **industry collaboration, policy engagement, or societal contributions** (, 8). - **Faculty Profiles**: Check faculty research interests and publications for alignment with your goals (, 9). - **Program Structure**: Review Ph.D. program details to assess research freedom and training opportunities (, 5). For the most detailed insights, visit the **Department of Economics** research page () and explore the **Chemistry department’s program-specific descriptions** (, 6).

--------------------------------------------------------------------------------------------------------------
[45/102] I have received admission-related information and now need to estimate the hostel cost for a short stay.
Latency: 2.67s | Evidence: supported | Coverage: partially_supported | Intents: 1
ANSWER:
The hostel room rent charges for short stays at IIT Jodhpur are as follows (excluding GST): - **Without bedding**: - Double occupancy: ₹300 per day - Single occupancy: ₹500 per day - **With 1 bedding set**: - Double occupancy: ₹400 per day - Single occupancy: ₹600 per day The total cost will depend on the number of days of stay. For stays exceeding 11 days but less than a month, the charges are calculated based on the daily rate. Always confirm the exact duration and any applicable GST (18%) with the hostel office for precise estimation.

--------------------------------------------------------------------------------------------------------------
[46/102] I'm a student looking at hostel accommodation for a few days; which published rate category should I use?
Latency: 3.03s | Evidence: supported | Coverage: partially_supported | Intents: 1
ANSWER:
As a student seeking hostel accommodation for a few days (short-term stay), you should refer to the **short-term hostel accommodation rates** provided for stays **not exceeding 10 days**. Here are the applicable charges: - **Double Occupancy (without bedding):** ₹300 per day (excluding GST) - **Single Occupancy (with bedding):** ₹500 per day (excluding GST) These rates are specifically for students, staff, or faculty of IIT Jodhpur. For stays exceeding 10 days but less than a month, the long-term rate of ₹2175 per day (excluding GST) applies. For precise booking, check the [hostel booking portal](https://www.iitj.ac.in/office-of-students/en/hostel-booking) for availability and confirmation.

--------------------------------------------------------------------------------------------------------------
[47/102] I need a room for myself and care about single occupancy; which hostel charge applies to that situation?
Latency: 2.26s | Evidence: supported | Coverage: partially_supported | Intents: 1
ANSWER:
For **single occupancy** hostel accommodation at IIT Jodhpur, the applicable charges are as follows: ### **Short-term Booking (01 - 10 Days)** - **Single Occupancy**: ₹500/- per day (excluding GST). ### **Long-term Booking (11 Days - 6 Months)** - **Single Occupancy**: ₹600/- per day (excluding GST). These rates are applicable for students/staff/faculty. Note that the **fee structure may be revised** as per institute approvals. Always confirm with the hostel office for the most current details.

--------------------------------------------------------------------------------------------------------------
[48/102] I am comfortable sharing a room if it reduces the daily cost; how should I interpret the double-occupancy rate?
Latency: 0.20s | Evidence: insufficient | Coverage: partially_supported | Intents: 1
ANSWER:
I'm sorry, I don't know based on the available information.

--------------------------------------------------------------------------------------------------------------
[49/102] I need bedding along with the room, so which hostel charge should I look at?
Latency: 1.78s | Evidence: supported | Coverage: supported | Intents: 1
ANSWER:
To avail hostel accommodation with bedding included, you should refer to the **"Hostel Room Rent (along with 1 bedding set)"** charge. This option explicitly includes bedding and is listed in the hostel accommodation charges for students/staff/faculty of IIT Jodhpur. The charges are applicable on a per-day basis for double occupancy (excluding GST). For precise pricing details, please check the full fee structure provided in the official documents.

--------------------------------------------------------------------------------------------------------------
[50/102] I'm planning a stay longer than ten days and want to avoid using the wrong short-term rate.
Latency: 3.01s | Evidence: supported | Coverage: partially_supported | Intents: 1
ANSWER:
To avoid the short-term rate for stays exceeding ten days, you should opt for the **long-term hostel accommodation** charges at IIT Jodhpur. Here are the key details: 1. **Long-term Charges (11 days–6 months):** - **Rs. 2,175 per month** (excluding GST). - This rate applies to visitors, students, staff, and faculty. 2. **Key Notes:** - Stays **longer than 10 days** must use this long-term rate. - PhD students can stay beyond one month **without paying semester fees** (but still pay the long-term hostel rate). - The **semester fee includes hostel charges**, but a separate **Mess advance** is required for meals. Ensure your booking is categorized as "long-term" through the hostel ERP system to avoid short-term pricing. For precise booking details, refer to the [Hostel Booking Portal](https://www.iitj.ac.in/office-of-students/en/hostel-booking).

--------------------------------------------------------------------------------------------------------------
[51/102] Suppose I stay for several weeks rather than a few days; which hostel pricing section becomes relevant?
Latency: 3.04s | Evidence: supported | Coverage: partially_supported | Intents: 1
ANSWER:
If your stay exceeds 10 days but is less than a month, the **long-term hostel accommodation charge of ₹2,175 per month (excluding GST)** applies. For stays exceeding one month, this rate remains applicable on a monthly basis. **Key details:** - **Short-term (0–10 days):** Daily rates apply ( ₹300–₹750 per day for students, depending on occupancy and bedding). - **Long-term (11 days–6 months):** ₹2,175 per month (excluding GST) for students/staff/faculty. - **Visitors/executive students:** Short-term rates (daily) apply for stays up to 10 days. The exact charges depend on your residency category (student, staff, etc.) and the duration of your stay. For precise calculations, confirm the exact number of days with the hostel office.

--------------------------------------------------------------------------------------------------------------
[52/102] I am a student rather than a visitor, and I want to know which hostel category applies to me.
Latency: 2.69s | Evidence: supported | Coverage: partially_supported | Intents: 1
ANSWER:
As a student at IIT Jodhpur, your hostel category is determined by your **program of study, year of residence, and eligibility criteria**. Here's what applies to you: 1. **Student Category**: - Hostel accommodation is managed for **students** (both UG/PG/PhD) through the Office of Students (Hostel Affairs) via an online ERP-based system. - **First-year students** (UG/PG/PhD) are allocated **double-occupancy rooms**. 2. **Allocation Basis**: - Your hostel room type (single or double occupancy) depends on your **academic program** (UG/PG/PhD) and **year of study**. - Hostel allocation is governed by institute policies and availability. 3. **Special Notes**: - **PhD students** may have specific rules for hostel stays post-thesis submission. - **SC, ST, PwD students** are exempt from certain fees but still fall under the student category for hostel allocation. For precise allotment details, check the **Office of Students (Hostel Affairs)** guidelines or the online booking system. Let me know if you need further clarification!

--------------------------------------------------------------------------------------------------------------
[53/102] I am visiting IIT Jodhpur for an academic activity but I am not a regular student; which hostel pricing category should I consider?
Latency: 3.60s | Evidence: supported | Coverage: partially_supported | Intents: 1
ANSWER:
Based on the retrieved information, since you are a visitor for an academic activity (not a regular student), you fall under the **short-term hostel accommodation category**. Here are the applicable pricing details: ### **Short-Term Hostel Charges (01–10 Days)** - **Double Occupancy (without bedding):** ₹450/- per day (excluding GST) - **Single Occupancy (without bedding):** ₹750/- per day (excluding GST) - **Double Occupancy (with 1 bedding set):** ₹600/- per day (excluding GST) - **Single Occupancy (with 1 bedding set):** ₹900/- per day (excluding GST) **Note:** - The rates are for stays **not exceeding 10 days**. - Bedding sets are optional and applicable only for short-term bookings. - GST is not included in the above charges. For stays longer than 10 days, you would need to contact the Office of Students (Hostel Affairs) for further details. Source: Documents 4, 6, and 7.

--------------------------------------------------------------------------------------------------------------
[54/102] I need to compare single and double occupancy before booking; can you explain the difference using the published hostel rates?
Latency: 4.92s | Evidence: supported | Coverage: partially_supported | Intents: 1
ANSWER:
The hostel rates at IIT Jodhpur differentiate between **single** and **double occupancy** as follows: ### **Double Occupancy** - **Eligibility**: Typically allocated to first-year students (UG/PG/PhD) and others based on program and availability. - **Charges**: For long-term bookings (11 days–6 months), the rate is **Rs. 2,175 per month (excluding GST)**. This likely applies to double occupancy, as single occupancy is explicitly noted as a separate category. ### **Single Occupancy** - **Eligibility**: Available subject to availability, often for specific programs or as an upgrade option. - **Charges**: The exact rate per day is not explicitly stated in the retrieved context, but it is noted to be **higher than double occupancy** (as single occupancy is a premium option). ### Key Notes: 1. **Short-term bookings** (01–10 days) have separate daily rates for single and double occupancy, but the exact figures are not provided in the retrieved data. 2. **Semester fees** include hostel charges, but a **separate mess advance** is required. 3. For precise pricing, refer to the official hostel booking page: [IIT Jodhpur Hostel Booking](https://www.iitj.ac.in/office-of-students/en/hostel-booking). The retrieved context does not fully specify single occupancy rates, so further details may require contacting the hostel office directly.

--------------------------------------------------------------------------------------------------------------
[55/102] I am trying to calculate my expected hostel expense and need to know whether the published rates are before or after GST.
Latency: 2.26s | Evidence: supported | Coverage: partially_supported | Intents: 1
ANSWER:
The published hostel rates at IIT Jodhpur are **excluding GST**. This is explicitly mentioned in the documentation, such as for stays exceeding 11 days but less than a month (Rs. 2175 per day, excluding GST) and for long-term bookings (Rs. 2175 per month, excluding GST). Additionally, the rates for students/staff are noted as **without GST**, while visitors may have different GST applicability. Always verify the latest details with the Office of Students (Hostel Affairs) for precise calculations.

--------------------------------------------------------------------------------------------------------------
[56/102] I'm a Ph.D. student who has submitted my thesis and may need hostel accommodation afterward; which published rule applies to that situation?
Latency: 2.93s | Evidence: supported | Coverage: supported | Intents: 1
ANSWER:
The rule applicable to your situation as a Ph.D. student who has submitted your thesis and requires hostel accommodation is outlined in ****. According to this rule: - **PhD students** who submit their thesis may avail hostel accommodation for **more than one month** (without paying the semester fee). - The applicable charges are **Rs. 2,175 per month (excluding GST)** for stays exceeding a month. This rule explicitly addresses post-thesis hostel accommodation for Ph.D. students at IIT Jodhpur.

--------------------------------------------------------------------------------------------------------------
[57/102] I found a monthly hostel amount in one document and a daily amount elsewhere; which one should I use for a short booking?
Latency: 2.42s | Evidence: supported | Coverage: partially_supported | Intents: 1
ANSWER:
Always use the daily rates for stays under 10 days.

--------------------------------------------------------------------------------------------------------------
[58/102] My stay is only one day, so using a monthly hostel figure seems wrong; can you identify the relevant published charge category?
Latency: 2.99s | Evidence: supported | Coverage: partially_supported | Intents: 1
ANSWER:
The relevant published charge category for a one-day stay is **"Short-term Hostel Accommodation (01 - 10 Days)"**. ### Charges (per day, per person): - **Double Occupancy (without bedding)**: ₹450/- (excl. GST) - **Double Occupancy (with 1 bedding set)**: ₹600/- (excl. GST) These rates apply to short-term bookings (up to 10 days) and are explicitly listed in the retrieved context. Note that GST is excluded from these charges, and the rates are specific to double occupancy. For single occupancy or other categories, additional details may apply, but the provided context does not specify them for short-term stays.

--------------------------------------------------------------------------------------------------------------
[59/102] I found ₹300 and ₹500 in the hostel information and need to understand which occupancy choices those amounts represent.
Latency: 3.47s | Evidence: supported | Coverage: partially_supported | Intents: 1
ANSWER:
I'm sorry, I don't know based on the available information. The retrieved context does not mention ₹300 or ₹500 in relation to hostel occupancy charges at IIT Jodhpur. The available information specifies charges of ₹2,175 for long-term bookings (exceeding 11 days but less than a month) and ₹2,175 per month for stays exceeding a month. For precise details about specific amounts, please consult the official hostel fee structure or contact the hostel office directly.

--------------------------------------------------------------------------------------------------------------
[60/102] I also found ₹450 and ₹750 in the same hostel document; why would those rates differ from the student rates?
Latency: 3.43s | Evidence: supported | Coverage: partially_supported | Intents: 1
ANSWER:
The difference in rates (₹450/₹750 vs. ₹300/₹500) arises from the **category of the resident** and the **type of booking**. Here's the breakdown: 1. **Short-term bookings (01–10 days):** - **Visitors/Executive Students**: ₹450 (double occupancy) and ₹750 (single occupancy) per day (excluding GST). These rates are higher due to additional amenities or separate booking processes for non-students. - **Students/Staff/Faculty**: ₹300 (double occupancy) and ₹500 (single occupancy) per day (excluding GST). These are lower as they are tailored for regular institute residents. 2. **Long-term bookings (11 days–6 months):** - All categories (students, visitors, etc. The distinction reflects varying accommodation policies for different user groups, with higher rates for visitors/executive participants due to separate booking systems or additional services.

--------------------------------------------------------------------------------------------------------------
[61/102] I need the full hostel price table rather than a single number because my occupancy and bedding choice are not fixed yet.
Latency: 4.91s | Evidence: supported | Coverage: partially_supported | Intents: 1
ANSWER:
Here is the detailed hostel price structure at IIT Jodhpur based on the available information: --- ### **Hostel Accommodation Charges** **Note:** Rates are **excluding GST** for students/staff and **inclusive of GST** for visitors. #### **1. Short-Term Booking (01–10 Days)** | **Category** | **Double Occupancy (per day)** | **Single Occupancy (per day)** | |-----------------------------|-------------------------------|-------------------------------| | **Students/Staff** | ₹300/- | ₹500/- | | **Visitors/Executives** | ₹450/- | ₹750/- | **With Bedding Set:** | **Category** | **Double Occupancy (per day)** | **Single Occupancy (per day)** | |-----------------------------|-------------------------------|-------------------------------| | **Students/Staff** | ₹400/- | ₹600/- | | **Visitors/Executives** | ₹600/- | ₹900/- | --- #### **2. Long-Term Booking (11 Days–6 Months)** | **Duration** | **Charge (excluding GST)** | |-----------------------------|-------------------------------| | 11 days–30 days | ₹2,175/- | | More than 1 month (up to 6 months) | ₹2,175/- per month | --- ### **Additional Notes** 1. **Semester Fee Inclusion:** Hostel charges are included in the semester fee. A separate **mess advance** is required for each semester. 2. **PhD Students:** Post-thesis submission, PhD students can avail hostel accommodation for more than one month **without paying semester fees**. 3. **GST Applicability:** Visitors are charged **inclusive of GST**, while students/staff pay **excluding GST**. 4. **Facility Notes:** Basic facilities include air-conditioning, furnished rooms, and optional bedding. --- **Disclaimer:** The above rates are based on the provided context and may be subject to revision as per institute policies. For the most accurate and updated information, please refer to the official IIT Jodhpur hostel booking portal: [Hostel Booking](https://www.iitj.ac.in/office-of-students/en/hostel-booking).

--------------------------------------------------------------------------------------------------------------
[62/102] I'm trying to budget for hostel accommodation, but I don't want tuition or application fees mixed into the answer.
Latency: 3.64s | Evidence: supported | Coverage: partially_supported | Intents: 1
ANSWER:
Here are the hostel accommodation charges at IIT Jodhpur, as per the available information: ### **Short-term Hostel Accommodation (01 - 10 Days)** - **Double Occupancy (without bedding):** ₹450/- per day per person (excl. GST) - **Double Occupancy (with 1 bedding set):** ₹600/- per day per person (excl. GST) ### **Long-term Hostel Accommodation (11 days - 6 months)** - **Double Occupancy (without bedding):** ₹300/- per day per person (excl. GST) - **Double Occupancy (with 1 bedding set):** ₹400/- per day per person (excl. GST) **Notes:** - These rates apply to students/staff/faculty of IIT Jodhpur. - GST is not included in the above charges. - For stays exceeding 11 days but less than a month, the rate is ₹300/- to ₹600/- per day (excl. GST). The information does not specify exact monthly totals or additional charges beyond daily rates.

--------------------------------------------------------------------------------------------------------------
[63/102] I saw a statement saying semester fees include hostel fees, but I also found daily accommodation charges; how should those pieces be interpreted together?
Latency: 3.19s | Evidence: supported | Coverage: supported | Intents: 2
ANSWER:
**1. Regarding semester fees and hostel fees:** The evidence indicates that the **semester fee includes hostel fees** for most students. However, this information is **partially supported** and may be subject to revision as per the institute's policies. Additionally, SC, ST, and PwD students are exempt from tuition fees but still pay other charges like hostel fees. The exact structure and exemptions may vary, and the fee components could change over time. **2. Interpreting daily accommodation charges:** The evidence mentions that **daily hostel charges depend on the booking duration** (short-term: 01–10 days; long-term: 11 days–6 months) and the resident category (student, staff, faculty, etc.). However, the provided details are **partially supported** and do not cover all possible scenarios. For example, specific rates for double occupancy (with or without bedding) are listed, but the interpretation of these charges for different groups (e.g., visitors vs. students) requires further clarification. The information is not exhaustive.

--------------------------------------------------------------------------------------------------------------
[64/102] Suppose the institute changes the fee structure later; should I treat today's published hostel amount as permanent?
Latency: 2.20s | Evidence: supported | Coverage: partially_supported | Intents: 1
ANSWER:
The fee structure, including hostel charges, is subject to revision as per the institute's policies and regulations. While the current published fees are valid as of now, they may be updated in the future based on institutional approvals or changes in applicable rules. Therefore, it is advisable not to treat today's published amounts as permanent. Always refer to the latest official notifications for updated fee structures.

--------------------------------------------------------------------------------------------------------------
[65/102] I only care about actual hostel accommodation charges, not unrelated program tuition or application fees.
Latency: 4.51s | Evidence: supported | Coverage: partially_supported | Intents: 1
ANSWER:
Here are the hostel accommodation charges at IIT Jodhpur, as specified in the retrieved documents: ### **Short-Term Hostel Accommodation (01 - 10 Days)** - **Room Rent (without bedding)**: ₹450/- (double occupancy), ₹750/- (single occupancy, subject to availability) - **Room Rent (with 1 bedding set)**: ₹600/- (double occupancy), ₹900/- (single occupancy, subject to availability) *Note: Charges are exclusive of GST.* ### **Long-Term Hostel Accommodation (11 Days - 6 Months)** - **Room Rent (without bedding)**: ₹300/- (double occupancy), ₹500/- (single occupancy, subject to availability) - **Room Rent (with 1 bedding set)**: ₹400/- (double occupancy), ₹600/- (single occupancy, subject to availability) *Note: Includes bucket/mug. Charges are exclusive of GST.* ### **Additional Notes** - The fee structure may be revised as per institute policies. - PhD students can avail hostel accommodation for extended stays (beyond 6 months) without semester fee payment, but this is specific to their stay duration. These rates apply to students, staff, and faculty. For visitors or executive participants, the charges may vary.

--------------------------------------------------------------------------------------------------------------
[66/102] I want to know whether visitor accommodation and student accommodation use the same published daily rates.
Latency: 3.61s | Evidence: supported | Coverage: partially_supported | Intents: 1
ANSWER:
The daily rates for visitor accommodation and student accommodation at IIT Jodhpur are **not the same** for short-term stays (up to 10 days) but **align for long-term stays** (exceeding 11 days). ### Short-Term Stays (01–10 Days): - **Visitors/Executive Students**: - Single occupancy: ₹750/day (excluding GST). - **Students/Staff/Faculty**: - Single occupancy: ₹500/day (excluding GST). ### Long-Term Stays (11+ Days): - Both **visitors** and **students** are charged **₹2175 per month** (excluding GST) for stays exceeding 11 days but less than a month, and **₹2175 per month** for stays exceeding one month. This distinction is based on the category of the resident (visitor vs. student) and the duration of stay.

--------------------------------------------------------------------------------------------------------------
[67/102] I want my research to focus on control systems and robotics; which Electrical Engineering areas should I investigate?
Latency: 3.37s | Evidence: supported | Coverage: supported | Intents: 2
ANSWER:
**1. I want my research to focus on control systems?** IIT Jodhpur’s Electrical Engineering department includes **Control-Systems** as a research area. Supported topics under this domain include: - Control of micro-grid & uncertain systems - Demand-side management - Microgrid control and dynamics of distributed generation - Condition monitoring - Robust & optimal control - Adaptive control & robotics (linked to robotics research) *Note: The available evidence is partial and does not guarantee completeness of research opportunities in control systems.* --- **2. Robotics; which Electrical Engineering areas should I investigate?** For robotics research, relevant Electrical Engineering areas at IIT Jodhpur include: - **Adaptive control & robotics** (explicitly mentioned) - 2D materials (e.g., MoS₂, AlGaN/GaN HEMTs) - Micro and nano-device fabrication - VLSI systems and EDA tools - Signal processing for IoT (e.g., predictive maintenance, digital twins) - High-speed VLSI systems *Note: The available evidence is partial and does not cover all potential intersections between robotics and Electrical Engineering research.*

--------------------------------------------------------------------------------------------------------------
[68/102] My background is in communications, and I want to continue research in that direction at IIT Jodhpur.
Latency: 2.42s | Evidence: supported | Coverage: partially_supported | Intents: 1
ANSWER:
IIT Jodhpur’s **M.S. by Research** program and the **School of Liberal Arts (SoLA)** emphasize interdisciplinary research, particularly in areas like Creative Arts, Humanities, Social Sciences, and interdisciplinary technologies. While communications may align with Social Sciences or Humanities, the retrieved context does not explicitly list "communications" as a specific research area. For precise guidance on research opportunities in communications, I recommend contacting the institute directly or visiting their official website for updated program details. Let me know if you need help finding contact information or further details!

--------------------------------------------------------------------------------------------------------------
[69/102] I'm interested in RF and microwave work rather than general electronics; which research direction should I look at?
Latency: 2.65s | Evidence: supported | Coverage: partially_supported | Intents: 1
ANSWER:
Based on the retrieved information, IIT Jodhpur's programs emphasize research in **RF and microwave systems** under the following directions: 1. **Communication & Networks**: Focuses on wireless and optical communication, RF and microwave systems, and next-generation communication technologies (e.g., 5G/6G). 2. **RF-Photonics**: Combines RF engineering with photonics for advanced applications in semiconductor technologies and integrated systems. 3. **Intelligent and Embedded Computing**: Includes RF and microwave systems for sensing, autonomous systems, and Industry 5.0 standards. These areas align with interdisciplinary projects, industrial internships, and research opportunities in semiconductor manufacturing and deep-tech startups. For specific guidance, explore the academic pathway for graduate studies in VLSI, semiconductor devices, or RF-photonics. The curriculum and research initiatives directly support India’s strategic priorities in RF/microwave technologies and self-reliance in electronics.

--------------------------------------------------------------------------------------------------------------
[70/102] I want to work on flexible electronics and sensors, and I'm checking whether that kind of research exists here.
Latency: 2.33s | Evidence: supported | Coverage: partially_supported | Intents: 1
ANSWER:
The available information indicates that IIT Jodhpur fosters research-oriented training and interdisciplinary learning, with opportunities for students to engage in cutting-edge technologies and internships at leading institutes. While the specific mention of "flexible electronics and sensors" is not directly stated in the retrieved context, the institute's focus on **nanoscience, semiconductor materials, and quantum materials** (as part of elective courses) suggests potential overlap with research areas related to flexible electronics. Additionally, the emphasis on interdisciplinary expertise and industry collaboration may provide pathways to explore such topics. For confirmation, you may consult the relevant departments or research centers at IIT Jodhpur.

--------------------------------------------------------------------------------------------------------------
[71/102] My research interest is visual computing, but I am looking at Electrical Engineering; can the published research scope help me decide?
Latency: 3.73s | Evidence: supported | Coverage: partially_supported | Intents: 1
ANSWER:
IIT Jodhpur's **Electrical Engineering** department includes **Visual Computing** as a research area, focusing on **Computer Vision, Visual Forensics, and Machine Learning**. This aligns with your interest in visual computing. For further details, you can explore the dedicated research pages: - [RF & Microwave Research](https://www.iitj.ac.in/Electrical-Engineering/en/RF,-Microwaves-and-Photonics) - [Signal Processing](https://www.iitj.ac.in/Electrical-Engineering/en/Signal-Processing) Additionally, the **Design PhD program** at IIT Jodhpur also emphasizes visual computing and interdisciplinary research, though it falls under a separate department. If you're open to broader interdisciplinary work, this might be a complementary option. Let me know if you need further clarification!

--------------------------------------------------------------------------------------------------------------
[72/102] I am interested in power engineering with renewable energy integration; which research topics appear closest to that goal?
Latency: 2.90s | Evidence: supported | Coverage: partially_supported | Intents: 1
ANSWER:
The research topics most aligned with power engineering integrated with renewable energy, as per the available information, include: 1. **Renewable and Conventional Power Generation Systems** Focus on advanced training in renewable energy sources (solar, wind, etc.) and conventional systems, emphasizing their integration into modern power grids. 2. **Hydrogen and Alternative Energy Carriers** Exploration of hydrogen as a clean energy storage and transmission medium, alongside other alternative energy solutions. 3. **Energy Storage Technologies** Development of storage systems to address intermittency in renewable energy sources, ensuring stable power supply. 4. **Distributed Energy Systems** Research into decentralized energy networks, enabling localized renewable energy generation and consumption. 5. **Digital Energy Systems and AI/ML-Enabled Data Analytics** Application of artificial intelligence and machine learning for optimizing energy systems, grid management, and predictive maintenance. These areas reflect IIT Jodhpur’s focus on interdisciplinary innovation, industry collaboration, and sustainable energy solutions. The programs and research initiatives aim to address global energy challenges through advanced technical training and real-world applications.

--------------------------------------------------------------------------------------------------------------
[73/102] I want to identify a research area before approaching a potential supervisor; which published themes should I use as the starting point?
Latency: 0.33s | Evidence: supported | Coverage: insufficient | Intents: 1
ANSWER:
I'm sorry, I don't know based on the available information.

--------------------------------------------------------------------------------------------------------------
[74/102] I'm considering interdisciplinary research involving neuroscience or bio-imaging; which institute information might be relevant to that interest?
Latency: 2.97s | Evidence: supported | Coverage: partially_supported | Intents: 1
ANSWER:
IIT Jodhpur offers interdisciplinary research opportunities aligned with your interests in neuroscience and bio-imaging. Here’s relevant information: ### **Research Areas** - **Neuroscience**: Cellular and molecular neuroscience, bioelectrochemical systems, bioenergy systems, and nanomedicine (). - **Bio-Imaging**: Bio-imaging, biomedical imaging, and AI for biological applications (Documents 1 and 6). - **Interdisciplinary Focus**: Multi-omics technologies, diagnostics & therapeutics development, and instrumentation design for healthcare and sustainable agriculture (). ### **Training & Exposure** - Hands-on laboratory training in research methodology and lab techniques (Documents 1 and 6). - Exposure to challenges in affordable healthcare, clean energy, and environmental sustainability (). ### **Additional Skills** - Training on patents, intellectual property, and research communication (Documents 2 and 3). This information highlights the institute’s focus on interdisciplinary innovation in your areas of interest. Let me know if you need further details!

--------------------------------------------------------------------------------------------------------------
[75/102] I prefer a research topic that combines hardware and software; which Electrical Engineering areas seem aligned with that preference?
Latency: 2.85s | Evidence: supported | Coverage: partially_supported | Intents: 2
ANSWER:
1. **Research topic combining hardware**: The Design PhD program at IIT Jodhpur focuses on interdisciplinary research areas such as XR Design, Interaction Design, Product Design, Usability Engineering, and Visual Computing. It also emphasizes hardware-related innovations through fields like 2D materials, Micro and Nano device fabrication, Organic and Flexible Electronics, and VLSI systems. However, the available evidence is partial and does not cover all possible research directions or their alignment with hardware-specific interests. 2. **Electrical Engineering areas aligned with software**: The available information is insufficient to identify specific Electrical Engineering areas aligned with a software preference. No relevant details were provided in the retrieved context.

--------------------------------------------------------------------------------------------------------------
[76/102] I want to avoid choosing a research direction based on assumptions that are not supported by the institute's published material.
Latency: 3.64s | Evidence: supported | Coverage: partially_supported | Intents: 1
ANSWER:
To ensure your research direction is grounded in IIT Jodhpur’s published materials, focus on the following **explicitly supported areas** and themes: ### **Research Areas & Themes** 1. **Interdisciplinary Research** - Collaboration with faculty, academic institutions, industries, and international networks. - Use of methods like theoretical modeling, AI/big-data-driven approaches, behavioral analysis, experimental methods, and policy evaluation frameworks. 2. **Economics-Specific Focus** - Climate change, digitalisation, financial innovation, technological disruption, energy transition, and geopolitical dynamics. - Empirical dimensions of international trade, firm dynamics, macro-finance, global value chains, energy development, and climate change. 3. **Regionally Grounded Studies** - Arid and desert economies, renewable systems, water scarcity, rural–urban transitions, climate adaptation, and sustainable development (specific to Rajasthan’s context). 4. **Entrepreneurship & Strategy** - Governance mechanisms, value creation/appropriation, business communities, pitching practices, scaling up, and entrepreneurial support organizations (incubators/accelerators). ### **Program Structure** - A **research-intensive, four-year** doctoral program combining theoretical and empirical training with technology-driven approaches. - Emphasis on **global economic perspectives** integrated with **region-specific policy challenges**. ### **Key Considerations** - Avoid assumptions beyond these themes (e.g., no mention of specific lab facilities, funding opportunities, or minor programs). - For precise eligibility or fee details, refer to the official PhD guidelines or contact the Economics Department directly. This framework ensures alignment with the institute’s published priorities while avoiding speculative directions.

--------------------------------------------------------------------------------------------------------------
[77/102] I already have another enrollment elsewhere and am considering IIT Jodhpur for a regular Ph.D.; could that create a rule conflict?
Latency: 3.04s | Evidence: supported | Coverage: partially_supported | Intents: 1
ANSWER:
The available evidence contains conflicting claims regarding enrollment rules for Ph.D. programs at IIT Jodhpur: 1. **Conflict Claim 1**: explicitly states that candidates admitted to Ph.D. programs must **not** be "registered students in any other academic program in India or abroad." This implies that holding another enrollment would disqualify an applicant during admission. 2. **Conflict Claim 2**: mentions that part-time Ph.D. students are "working professionals often employed by external organizations," suggesting that part-time enrollment might align with professional commitments. However, this does not directly address regular Ph.D. enrollment rules or conflicts with existing enrollments. **Conclusion**: The evidence does not explicitly resolve whether holding another enrollment (e.g., a degree program) would create a conflict for a **regular Ph.D.** program. The rule in applies to admission criteria but does not clarify consequences for existing enrollments. For definitive guidance, you should consult IIT Jodhpur’s official admission policies or contact their admissions office.

--------------------------------------------------------------------------------------------------------------
[78/102] I work part-time and want to apply for a regular Ph.D.; which employment restriction should I check carefully?
Latency: 3.31s | Evidence: supported | Coverage: supported | Intents: 1
ANSWER:
The employment restriction for the **regular Ph.D. program** at IIT Jodhpur explicitly states: *"Candidates admitted in this category shall not be a registered student in any other academic program in India or abroad, and shall not be a full-time or part-time employee of any organization in India or abroad."* This creates a **conflict** with your part-time employment status, as the regular Ph.D. program prohibits **any** part-time employment. However, this restriction may not apply to the **part-time Ph.D. ### Key Takeaway: Since you are applying for the **regular Ph.D. program**, you must ensure your **part-time employment does not conflict** with the institute’s rules. Verify the specific employment restrictions for the regular Ph.D. program (per ) and confirm whether your work status aligns with the eligibility criteria.

--------------------------------------------------------------------------------------------------------------
[79/102] My academic qualification appears eligible, but I want to understand whether financial assistance has separate conditions.
Latency: 3.29s | Evidence: supported | Coverage: supported | Intents: 1
ANSWER:
Financial assistance for PhD programs at IIT Jodhpur has specific conditions beyond academic eligibility: 1. **Eligibility for Assistance**: - Candidates with a **Master’s degree** (60% or 6.0 CPI/CGPA for GEN/GEN-EWS/OBC, 55% for SC/ST/PD) or a **four-year Bachelor’s degree** (70% or 7.0 CPI/CGPA for GEN/GEN-EWS/OBC, 65% for SC/ST/PD) in relevant disciplines are eligible. - Exceptional candidates with a **UGC-NET qualification** or a **full-time postgraduate degree** from an Institute of National Importance (INI) may also qualify. 2. **Additional Criteria**: - Admission to the **PhD Regular Mode** requires the candidate to **not be enrolled in any other academic program** globally. - Financial assistance is subject to **institute norms** and **Senate approval**. 3. **Note**: - Eligibility for financial assistance does **not guarantee** receipt of aid. - For detailed fee structures and assistance terms, refer to the [PhD Fee Structure page](https://www.iitj.ac.in/office-of-academics/en/academic-regulations#top10.6%20Fulfillment%20of%20Admission%20Requirements). Always verify the latest requirements from the official source.

--------------------------------------------------------------------------------------------------------------
[80/102] I meet the four-year bachelor's requirement but my category is SC; which marks threshold should I use when judging eligibility?
Latency: 2.63s | Evidence: supported | Coverage: supported | Intents: 1
ANSWER:
For SC category candidates, the minimum marks threshold for eligibility is **55% in aggregate**. This relaxation applies to the qualifying degree requirements, as specified in the admission criteria for SC/ST/PwD candidates. This threshold is explicitly mentioned in the context and aligns with the 5% relaxation applied to the general/OBC/EWS category's 60% requirement.

--------------------------------------------------------------------------------------------------------------
[81/102] I am applying under a category with relaxed marks and want to make sure I do not accidentally use the general-category threshold.
Latency: 5.24s | Evidence: supported | Coverage: partially_supported | Intents: 1
ANSWER:
The evidence contains conflicting claims regarding eligibility thresholds for relaxed categories. Here are the supported conflicting claims: 1. **General/OBC/EWS Categories**: - Minimum of **60% marks** in aggregate (or equivalent CGPA of **6.0 on a 10-point scale**). - For SC/ST/PwD candidates, the threshold is **55% marks** (or **5.5 CGPA on a 10-point scale**). 2. **Relaxation for SC/ST/PwD Candidates**: - specifies a **relaxation of 0.5 on the 10-point scale** (e.g., 6.0 → 5.5 for SC/ST/PwD). - explicitly states **55% marks** as the minimum for SC/ST/PwD, aligning with the relaxed threshold. **Important Note**: The exact threshold depends on the program and category. For SC/ST/PwD candidates, the relaxed threshold is **55% marks** (or 5.5 CGPA on a 10-point scale). However, the evidence conflicts on how this relaxation is applied (e.g., whether it modifies the base percentage or adds a separate relaxation). Always verify with the institute for program-specific rules.

--------------------------------------------------------------------------------------------------------------
[82/102] My degree fits the published route, but I am applying to a specific school with stricter criteria; which rule should take priority?
Latency: 4.34s | Evidence: supported | Coverage: supported | Intents: 1
ANSWER:
The retrieved context contains conflicting claims regarding admission criteria prioritization. Here's the supported information: 1. **General Admission Rules** - For General/OBC/EWS categories: A **6.0 CGPA (equivalent to first class)** on a 10-point scale is required. - SC/ST/PwD candidates may have **relaxations** (e.g., 5% reduction in CGPA requirements for qualifying degrees). - Provisional admission is conditional on meeting qualifying degree requirements (e.g., **60% aggregate marks**). 2. **Specific School Criteria** - The context does not explicitly state that specific schools (e.g., School of Management and Entrepreneurship) can override general admission rules. - However, **** mentions that the **CETE (Center for Education and Training)** may apply **higher performance criteria** if there is intense competition. **Conflict and Resolution**: - The general admission rules (e.g., CGPA, qualifying degree marks) are the **absolute minimum** for eligibility. - Specific schools may impose **additional or stricter criteria** (e.g., mentions specialized tracks for MBA programs). However, the retrieved context does **not explicitly confirm** that these stricter criteria supersede general rules. - If your degree meets the published route but the specific school requires stricter standards, you must **verify the school’s explicit guidelines** (e.g., check their admission page or contact the office of automation). **Final Note**: Admission decisions are subject to the **Senate’s approval** and **document submission deadlines** (). Failure to meet requirements (e.g., submitting mark sheets) may result in cancellation of candidature. For clarity, prioritize the **specific school’s guidelines** if they are explicitly stated, but the general rules remain the baseline. Contact the Office of Automation (oaautomation@iitj.ac.in) for confirmation.

--------------------------------------------------------------------------------------------------------------
[83/102] I found one school-specific Ph.D. requirement and one institute-level requirement; can I treat the stricter one as universally applicable?
Latency: 11.92s | Evidence: supported | Coverage: supported | Intents: 2
ANSWER:
**1. School-Specific Ph.D. Requirement** The M.S. by Research program can be upgraded to a Ph.D. based on the following criteria: - A CGPA of >7.5 and satisfactory progress after 3 semesters. - Students must satisfy all regular Ph.D. requirements, including the comprehensive examination. - The comprehensive exam tests general and specific knowledge in the research field, with two attempts allowed. - Ph.D. students must complete **12–24 credits through coursework** and **48 credits through thesis work** (depending on prior qualifications). **Conflict Note**: The evidence mentions conflicting credit requirements for M.S. by Research (24 coursework + 36 research credits) and Ph.D. (12–24 coursework + 48 thesis credits). These are distinct programs and should not be conflated. --- **2. Institute-Level Requirement Applicability** The stricter requirement (60% marks for General/OBC/EWS categories) **cannot be treated as universally applicable**. - **General/OBC/EWS**: Minimum 60% marks in the qualifying degree. - **SC/ST/PwD**: Eligibility is relaxed by **5% on point B(i)** (i.e., 55% for qualifying degree marks) and **0.5 on a 10-point scale** for CAT scores. - Final decisions on eligibility rest with the institute authorities. **Conflict Note**: The evidence contains conflicting percentages for SC/ST/PwD candidates (55% vs. 65% in some contexts). These discrepancies arise from different relaxation rules and should be interpreted as per the specific category and program guidelines.

--------------------------------------------------------------------------------------------------------------
[84/102] I'm planning for a future admission cycle and found an older fee or eligibility document; how should I interpret it without assuming it is the latest rule?
Latency: 4.64s | Evidence: supported | Coverage: supported | Intents: 2
ANSWER:
**1. I'm planning for a future admission cycle?** The available evidence partially supports details about the MBA admission process, which includes: - **Initial shortlisting**: Based on a composite score calculated from CAT Overall Scaled Score and Work Experience (Full Time), with relaxations for reserved categories. - **Final shortlisting**: Involves a Personal Interview (virtual mode) and evaluation of criteria with assigned weights. - **Eligibility**: Admission requires meeting eligibility criteria, following procedures, and paying prescribed fees (as per Academic Regulations). However, the evidence does not fully cover all admission categories, program-specific rules, or the latest updates. For comprehensive guidance, refer to the official admission guidelines and confirm details with the institute. --- **2. Found an older fee or eligibility document; how should I interpret it without assuming it is the latest rule?** - **Interpretation**: Older documents should not be assumed as current. Always verify details against the latest information on the [Fee Structure](https://www.iitj.ac.in/office-of-academics/en/academic-regulations#top10.6%20Fulfillment%20of%20Admission%20Requirements) page and academic regulations. - **Tuition Fee Note**: For PhD programs, tuition fees post RKA (Research and Knowledge Advancement) are the same as for sponsored candidates. However, this applies specifically to PhD admissions and may not reflect undergraduate or other program rules. Ensure all eligibility criteria and fee structures are cross-validated with the most recent official sources.

--------------------------------------------------------------------------------------------------------------
[85/102] I need to decide whether to apply now or wait because the information I found appears tied to an older academic year.
Latency: 0.33s | Evidence: supported | Coverage: insufficient | Intents: 1
ANSWER:
I'm sorry, I don't know based on the available information.

--------------------------------------------------------------------------------------------------------------
[86/102] I want to distinguish clearly between admission eligibility, financial assistance, and program-specific conditions before making an application decision.
Latency: 5.22s | Evidence: supported | Coverage: supported | Intents: 1
ANSWER:
To distinguish between **admission eligibility**, **financial assistance**, and **program-specific conditions** for applying to IIT Jodhpur, here is a structured breakdown based on the retrieved context: --- ### **1. Admission Eligibility** - **Undergraduate Programs**: - Applicants must meet the minimum academic criteria (e.g., 70% marks or 7.0 CPI/CGPA for GEN/GEN-EWS/OBC; 65% for SC/ST/PD) in a qualifying degree (e.g., B.Sc., B.E., B.Pharm, etc.). - Must not be enrolled in any other academic program (full-time or part-time) in India or abroad. - Provisional admissions require submission of mark sheets, provisional certificates, and other documents by the deadline specified in the Academic Calendar. - **Ph.D. Programs**: - Candidates must hold a **minimum four-year bachelor’s degree** in engineering, science, medicine, pharmacy, agricultural science, veterinary science, design, or architecture. - **Regular Ph.D. candidates** cannot be registered in any other academic program or employed full-time/part-time elsewhere. - **SC/ST/PD candidates** are eligible for relaxation in qualifying degree marks as per Ministry of Education rules. --- ### **2. Financial Assistance** - **Eligibility**: - Exceptional regular full-time candidates with a **valid UGC-NET** qualification or a **full-time postgraduate degree of two years or more** from an Institute of National Importance (INI) may be considered for financial assistance. - **Note**: Eligibility does not guarantee financial assistance. - GATE-exempt candidates (as per MHRD guidelines) may also qualify. - **Application**: - Details about fees and financial assistance for PhD programs are available [here](https://www.iitj.ac.in/office-of-academics/en/academic-regulations#top10.6%20Fulfillment%20of%20Admission%20Requirements). --- ### **3. Program-Specific Conditions** - **Ph.D. Programs**: - Full-time Ph.D. students must dedicate all their time to research. Part-time students are working professionals required to attend with limited credits. - Shortlisted candidates must submit the **final application form** (duly signed) and copies of all educational testimonials at the time of admission. - The Senate reserves the right to cancel admissions if documents are not submitted by the deadline or if false information is provided. - **General Rules**: - All admissions (undergraduate or Ph.D.) require **Senate approval**. - Provisional admissions may be canceled if candidates fail to meet document submission deadlines or provide inaccurate information. --- ### **Key Differentiation** - **Admission Eligibility**: Focuses on academic qualifications, enrollment status, and document submission requirements. - **Financial Assistance**: Separate criteria (e.g., UGC-NET, INI degrees) and does not guarantee aid. - **Program-Specific Conditions**: Governs application processes, enrollment rules, and academic conduct (e.g., full-time vs. part-time Ph.D. requirements). For further details, refer to the official guidelines [here](https://www.iitj.ac.in/office-of-academics/en/academic-regulations).

--------------------------------------------------------------------------------------------------------------
[87/102] I'm considering IIT Jodhpur for a Ph.D., and I also need to understand the hostel cost before deciding.
Latency: 4.31s | Evidence: supported | Coverage: supported | Intents: 1
ANSWER:
IIT Jodhpur offers hostel accommodation with the following cost structure: ### **Hostel Charges** 1. **Short-term Booking (01–10 days):** - **Double Occupancy (without bedding):** ₹450/day (excl. GST) - **Double Occupancy (with 1 bedding set):** ₹600/day (excl. GST) 2. **Long-term Booking (11 days–6 months):** - For stays exceeding 11 days but less than a month: **Rs. [partial data]** (exact rate not fully specified in the provided context). - For stays exceeding 6 months, charges may be calculated based on monthly rates, which are not explicitly detailed here. ### **Ph.D. Students** - PhD students can avail hostel accommodation for more than one month **after thesis submission**, but the cost for extended stays beyond the standard semester fee coverage is not explicitly mentioned in the retrieved context. ### **Fee Inclusions** - The **semester fee** (₹32,250/-) includes hostel charges. - **Experiential and Professional Development Fee:** ₹2,000/- (applicable to all students). For precise long-term rates or PhD-specific hostel costs, please refer to the official fee structure or contact the institute’s finance department.

--------------------------------------------------------------------------------------------------------------
[88/102] I want to compare Electrical Engineering research with its academic programs before choosing a route.
Latency: 3.69s | Evidence: supported | Coverage: partially_supported | Intents: 1
ANSWER:
IIT Jodhpur’s Electrical Engineering department offers diverse research opportunities aligned with its academic programs, though specific program structures (e.g., B.Tech, M.Tech, PhD) are not detailed in the retrieved context. Here’s what is supported: ### **Research Areas** The department focuses on: - **Communication Systems**: MIMO communications, Optical Wireless Communications, Millimeterwave antennas for 5G, and secure wireless protocols. - **Power and Control**: Microgrid control, demand-side management, distributed generation dynamics, and robust/optimal control techniques. - **Semiconductors and Devices**: 2D materials (MoS₂, AlGaN/GaN HEMTs), bandgap engineering, oxide semiconductors for sensors, and nano-device fabrication. - **Signal Processing & VLSI**: RF/microwave photonics, chipless RFID, analog/mixed-signal circuits, and high-speed VLSI systems. - **Emerging Technologies**: Visual computing, sociodigital reality (AR/VR), and IoT-enabled predictive maintenance. ### **Academic Programs** While specific program details (curriculum, duration, etc.) are not explicitly listed in the retrieved context, the research areas suggest alignment with: - **B.Tech**: Foundational courses in circuits, signals, and systems, with electives in emerging domains like IoT and VLSI. - **M.Tech/PhD**: Specializations in areas like power systems, communication protocols, and semiconductor devices, likely tied to the listed research groups. ### **Next Steps** For precise program structures or admission criteria, refer to the official IIT Jodhpur Electrical Engineering department pages (links in ) or contact the institute directly. Let me know if you need further clarification!

--------------------------------------------------------------------------------------------------------------
[89/102] I'm planning a Ph.D. application and need both the eligibility route and the restriction on concurrent enrollment clarified.
Latency: 7.62s | Evidence: supported | Coverage: supported | Intents: 1
ANSWER:
**Eligibility Routes for Ph.D. at IIT Jodhpur:** 1. **GATE Exemption**: Students may be exempted from GATE as per MHRD guidelines. 2. **UGC-NET/INI Degree Holders**: Exceptional regular full-time candidates with a valid UGC-NET or a full-time postgraduate degree of two years or more from an Institute of National Importance (INI) may be eligible for institute financial assistance. 3. **Dual Degree Relaxation**: M.Tech.-Ph.D. dual degree students who complete all qualifier requirements under exceptional conditions (approved by SRC) after 3 years can convert to part-time/external Ph.D. students and exit with an M.Tech. degree if conditions for conversion are met. **Conflict Note**: The evidence contains conflicting claims regarding **financial assistance eligibility** () and **scholarship enhancement** (). Specifically, mentions financial assistance for UGC-NET/INI degree holders, while refers to scholarship enhancements for Ph.D. students after two years of qualifying. These are distinct criteria and do not directly conflict, but their overlap in eligibility criteria for certain candidates may require further clarification from the institute. **Restrictions on Concurrent Enrollment**: The retrieved context does not provide specific information about restrictions on concurrent enrollment (e.g., pursuing multiple programs simultaneously). For detailed guidance, please refer to the official academic regulations or contact the Office of Academics. **Next Steps**: - For eligibility, prioritize the routes explicitly stated in the documents. - For concurrent enrollment restrictions, seek clarification from the institute as the evidence does not address this directly.

--------------------------------------------------------------------------------------------------------------
[90/102] I am interested in Electrical Engineering, especially control systems, and I also want to know which degree programs connect to that area.
Latency: 0.27s | Evidence: insufficient | Coverage: insufficient | Intents: 1
ANSWER:
I'm sorry, I don't know based on the available information.

--------------------------------------------------------------------------------------------------------------
[91/102] I may stay in the hostel for several weeks, and I also need to know whether student and visitor rates differ.
Latency: 4.14s | Evidence: supported | Coverage: partially_supported | Intents: 1
ANSWER:
The hostel accommodation rates for students and visitors at IIT Jodhpur differ based on the duration of stay and residency category. Here's the relevant information: ### **For Students (Long-term Stay):** - **Stays exceeding 11 days but less than a month**: Rs. 2,175 per month (excluding GST). - **Stays exceeding one month**: Rs. 2,175 per month (excluding GST). ### **For Visitors (Short-term Stay):** - **Short-term bookings (0–10 days)**: Charges are listed per day (e.g., ₹300–₹600/day for students, ₹450–₹900/day for visitors). However, the retrieved context does **not specify exact rates for visitors staying "several weeks"** (i.e., 11+ days but less than a month). - **Long-term stays (11 days–6 months)**: The context only provides rates for students, not explicitly for visitors. ### **Key Notes:** - Students pay **Rs. 2,175/month** for stays exceeding 11 days (excluding GST). - Visitor rates for extended stays (e.g., several weeks) are **not explicitly detailed** in the retrieved information. - All charges are **excluding GST**, and visitors may have different terms for long-term stays. For precise visitor rates for extended stays, please check the official hostel booking portal or contact the Office of Students (Hostel Affairs).

--------------------------------------------------------------------------------------------------------------
[92/102] I'm choosing between a four-year bachelor's route to Ph.D. and a master's route, so I need the practical difference in eligibility explained.
Latency: 6.32s | Evidence: supported | Coverage: supported | Intents: 1
ANSWER:
The eligibility requirements for pursuing a Ph.D. via a four-year bachelor's route versus a master's route show **conflicting claims** in the retrieved evidence. Here's the breakdown: --- ### **1. Four-Year Bachelor's Route (e.g., B.S. in Engineering Physics)** - **Direct Ph.D. Eligibility**: Graduates of the B.S. in Engineering Physics program are **eligible to apply directly for Ph.D. programs**, as stated in ****. This applies **without requiring a master's degree**. - **Key Criteria**: - Minimum 70% marks or 7.0 CPI/CGPA (GEN/OBC) or 65% (SC/ST) in the bachelor's degree (). - Specific professional qualifications (e.g., MBBS with MD) are also accepted (). --- ### **2. Master's Route (e.g., M.Tech./M.Sc.)** - **Ph.D. Eligibility**: The retrieved evidence **conflicts** on whether a master's degree is mandatory for Ph.D. admission: - ****: Allows Ph.D. eligibility with a **bachelor's degree** (4-year) + 60% marks (GEN/OBC) or 55% (SC/ST). - **Documents 5 and 7**: Explicitly require a **master's degree** in engineering, science, or related fields + 60% marks (GEN/OBC) or 55% (SC/ST). - **Additional Requirements**: - For Ph.D. programs, candidates must **not be enrolled in any other academic program** (). --- ### **Practical Differences in Eligibility** | **Aspect** | **Four-Year Bachelor's Route** | **Master's Route** | |--------------------------|---------------------------------------------|---------------------------------------------| | **Ph.D. Eligibility** | Directly eligible (no master's required) | Requires a master's degree (per some docs) | | **Minimum Marks** | 70% (GEN/OBC) / 65% (SC/ST) | 60% (GEN/OBC) / 55% (SC/ST) | | **Professional Quals** | Acceptable (e.g., MBBS with MD) | Not explicitly mentioned | | **Conflict Note** | Some documents allow bachelor's for Ph.D. | Others mandate a master's degree | --- ### **Key Takeaway** The evidence **conflicts** on whether a bachelor's degree alone qualifies for Ph.D. admission. For clarity: - **B.S. in Engineering Physics** graduates may have **special provisions** (per ). - For **other bachelor's programs**, check the specific Ph.D. program's requirements, as some may accept a bachelor's () while others require a master's (Documents 5, 7). Always verify with the **official IIT Jodhpur Ph.D. admission guidelines** for precise eligibility.

--------------------------------------------------------------------------------------------------------------
[93/102] I want to understand the hostel options and the relevant charges because my stay duration is not fixed yet.
Latency: 4.67s | Evidence: supported | Coverage: partially_supported | Intents: 1
ANSWER:
IIT Jodhpur offers hostel accommodation options for varying durations, with charges depending on the stay length and resident category (student, staff, faculty, visitor, etc.). Here’s the relevant information based on your query: ### **Hostel Charges** 1. **Short-term Stay (01–10 days):** - **Visitors/Executive Students:** - Room rent (without bedding): ₹300/- (single occupancy) / ₹500/- (double occupancy) per day (excl. GST). - Room rent (with bedding): ₹400/- (single) / ₹600/- (double) per day (excl. GST). - **Students/Staff/Faculty:** - Room rent (without bedding): ₹300/- (single) / ₹500/- (double) per day (excl. GST). - Room rent (with bedding): ₹400/- (single) / ₹600/- (double) per day (excl. GST). 2. **Long-term Stay (11 days–6 months):** - Rates for stays exceeding 11 days but less than a month start at ₹300/- per day (single occupancy) and ₹500/- (double occupancy) for students/staff/faculty. - PhD students may avail extended stays beyond a month without semester fee payments (subject to approval). ### **Additional Notes** - **Meal Charges:** These are paid directly to the mess vendor at the mess counter and are separate from hostel accommodation fees. - **GST:** All charges are exclusive of GST. - **Fee Structure:** The hostel charges may be revised periodically as per institute policies. For precise calculations, multiply the daily rate by the number of days. Let me know if you need further clarification!

--------------------------------------------------------------------------------------------------------------
[94/102] I'm comparing two possible Ph.D. pathways and need to separate admission eligibility from financial-assistance eligibility.
Latency: 5.60s | Evidence: supported | Coverage: supported | Intents: 1
ANSWER:
**Admission Eligibility for Ph.D. Programs at IIT Jodhpur** 1. **Regular Full-Time Admission**: - Candidates must not be registered in any other academic program or employed full-time by an organization. - **Master’s Degree Requirements**: - Minimum 60% marks (or 6.0/10 CPI/C GPA) for GEN/GEN-EWS/OBC categories. - Minimum 55% marks (or 5.5/10 CPI/C GPA) for SC/ST categories. - Valid UGC-NET qualification or a full-time postgraduate degree of two years or more from an Institute of National Importance (INI) is acceptable for exceptional cases. - **Professional Degrees**: MBBS with MD/MS, BVSc with MVSc, BDS with MDS, BPTh with MPTh, BOTh with MOTh, or equivalent, with at least 60% marks (or 6.0/10 CPI/C GPA) for GEN/GEN-EWS/OBC (55% for SC/ST). 2. **Bachelor’s Degree Requirements**: - Minimum four-year duration in engineering, science, medicine, pharmacy, agricultural science, veterinary science, design, architecture, or equivalent. - Minimum 70% marks (or 7.0/10 CPI/C GPA) for GEN/GEN-EWS/OBC categories. - Minimum 65% marks (or 6.5/10 CPI/C GPA) for SC/ST/PD categories. --- **Financial Assistance Eligibility** - **Exceptions for Financial Assistance**: - Exceptional regular full-time candidates with a valid UGC-NET qualification. - Candidates with a full-time postgraduate degree of two years or more from an Institute of National Importance (INI). - **Note**: Eligibility for financial assistance does **not guarantee** receipt of financial aid. --- **Conflict in Evidence** The retrieved context contains conflicting claims regarding financial assistance eligibility. Specifically: 1. explicitly mentions financial assistance eligibility criteria (UGC-NET, INI degrees) but clarifies that eligibility does not ensure aid. 2. Other documents (e.g., Documents 2, 3, 6) focus solely on admission requirements and do not mention financial assistance. This conflict highlights that financial assistance eligibility is a **separate criterion** from admission eligibility. The latter is governed by academic qualifications and employment status, while the former involves additional exceptions and does not guarantee aid. For precise details, refer to the official fee structure page: [Ph.D. Fee Structure](https://www.iitj.ac.in/admission-postgraduate-programs/en/rolling-advertisement-for-admission-to-interdisciplinary-and-ph.d.-programmes).

--------------------------------------------------------------------------------------------------------------
[95/102] I want the exact salary of every IIT Jodhpur professor so I can compare departments by pay.
Latency: 2.12s | Evidence: supported | Coverage: partially_supported | Intents: 1
ANSWER:
I'm sorry, I don't know based on the available information. The retrieved documents mention faculty emoluments estimated according to the Government of India’s 7th Pay Commission and specific figures like "1,39,600" for a professor ( and 9), but these are not explicitly stated as exact salaries for all professors. No comprehensive list of exact salaries for every professor at IIT Jodhpur is provided in the retrieved context.

--------------------------------------------------------------------------------------------------------------
[96/102] I'm choosing a department and want a guarantee that it has the best placements at IIT Jodhpur.
Latency: 2.29s | Evidence: supported | Coverage: partially_supported | Intents: 1
ANSWER:
I'm sorry, I don't know based on the available information. The retrieved context does not provide specific data on placement statistics, employer partnerships, or comparative placement outcomes across departments at IIT Jodhpur. For detailed placement information, I recommend checking the official IIT Jodhpur website or contacting the institute's placement cell directly.

--------------------------------------------------------------------------------------------------------------
[97/102] I need a promise that IIT Jodhpur will definitely provide me with a hostel room after admission.
Latency: 2.70s | Evidence: supported | Coverage: partially_supported | Intents: 1
ANSWER:
IIT Jodhpur provides hostel accommodation as part of its residential model, with 17 student hostels (5 girls’ and 12 boys’) available for allocation. **First-year students (UG/PG/PhD)** are guaranteed **double-occupancy rooms** based on institute policies. However, hostel allocation is governed by **eligibility, program of study, year of residence, and availability**. While the institute strives to accommodate all students, **there is no absolute guarantee** of a hostel room for every admitted student, as availability depends on factors like program-specific requirements and capacity. For precise details, refer to the official hostel guidelines.

--------------------------------------------------------------------------------------------------------------
[98/102] I am planning for 2028 and want certainty about every program the institute will offer then.
Latency: 2.02s | Evidence: supported | Coverage: partially_supported | Intents: 1
ANSWER:
I'm sorry, I don't know based on the available information. The provided context describes programs currently offered at IIT Jodhpur (e.g., B.Tech. With Specialization/Minor, M.Tech.-Ph.D. Dual Degree in Chemical Engineering, and Dual Degree programs) but does not include specific details about program offerings for 2028.

--------------------------------------------------------------------------------------------------------------
[99/102] I found an old fee amount online and want you to treat it as the latest official fee without checking its year.
Latency: 2.87s | Evidence: supported | Coverage: partially_supported | Intents: 1
ANSWER:
I'm sorry, I don't know based on the available information. The retrieved context provides fee details for the 2026-2028 academic period, but it does not include the specific "old fee amount" you referenced. While the context mentions tuition fees (INR 2,25,000/semester for most programs), hostel charges (e.g., ₹300–₹500/day for single occupancy), and other fees, it does not confirm whether this information is current or aligns with the fee structure you found online. For the most accurate and up-to-date information, please refer to the official IIT Jodhpur fee structure page: [Fee Structure](https://www.iitj.ac.in/feestructure).

--------------------------------------------------------------------------------------------------------------
[100/102] I want you to assume that a rule from the School of Artificial Intelligence and Data Science applies to every Ph.D. program.
Latency: 6.38s | Evidence: supported | Coverage: partially_supported | Intents: 1
ANSWER:
The retrieved context contains no explicit rules from the School of Artificial Intelligence and Data Science (AIDE) that are stated to apply universally to all Ph.D. programs at IIT Jodhpur. Instead, the evidence supports **program-specific rules** for the AIDE Ph.D. program, such as: 1. **Eligibility criteria**: Applicants must hold a master’s degree in engineering, science, humanities, etc., with **60% marks or a 6.0/10 CGPA** (). 2. **Full-time vs. part-time distinction**: Part-time Ph.D. students are working professionals with limited credit requirements (). 3. **Academic credit requirements**: Minimum credits for Ph.D. students are outlined in Table 22.6 (). **Conflict Note**: The evidence does not provide conflicting claims about rules from AIDE applying to other Ph.D. programs. However, the context does not explicitly state that AIDE’s rules extend to all Ph.D. programs at IIT Jodhpur. Rules for other Ph.D. programs (e.g., in other schools) are not described in the retrieved documents. Thus, the assumption that AIDE’s rules apply universally to all Ph.D. programs is **not supported** by the evidence. The retrieved context only confirms rules specific to the AIDE Ph.D. program.

--------------------------------------------------------------------------------------------------------------
[101/102] I'm asking about a professor's personal information that is not part of the published academic material.
Latency: 0.24s | Evidence: insufficient | Coverage: insufficient | Intents: 1
ANSWER:
I'm sorry, I don't know based on the available information.

--------------------------------------------------------------------------------------------------------------
[102/102] I want an exact future admission decision for my individual case even though the published eligibility rules do not describe my situation fully.
Latency: 3.13s | Evidence: supported | Coverage: supported | Intents: 1
ANSWER:
I'm sorry, I don't know based on the available information. The retrieved evidence contains conflicting claims regarding admission eligibility and requirements: 1. **Eligibility Relaxations**: Documents 3 and 5 mention relaxations for SC/ST/PwD candidates in qualifying degree marks (e.g., 5% relaxation for SC/ST/PwD in percentage criteria). 2. **Document Submission Requirements**: Documents 2 and 4 explicitly state that failure to submit required documents by the specified deadline leads to cancellation of admission, regardless of eligibility. However, your individual case is not fully described in the query, and the evidence does not provide specific guidance for scenarios outside the published eligibility rules. For application-related queries, please contact the Office of Automation (Academics) at **oaautomation@iitj.ac.
.
=============================== warnings summary ===============================
backend/retriever.py:40
  /mnt/raid/rl_gaming/IITJ_V1_SERVER/backend/retriever.py:40: DeprecationWarning: `langchain-community` is being sunset and is no longer actively maintained. See https://github.com/langchain-ai/langchain-community/issues/674 for details and migration guidance toward standalone integration packages.
    from langchain_community.retrievers import BM25Retriever

-- Docs: https://docs.pytest.org/en/stable/how-to/capture-warnings.html
1 passed, 1 warning in 347.05s (0:05:47)
